,o3_ppb,UnixTime,e2v03,no2,Temp,Rh,days from start,ref_o3_smooth
2014-07-25 20:03:00,37.0,1406318608.23,380.076923077,626.384615385,30.7,30.3692307692,0.0,
2014-07-25 20:04:00,37.0,1406318670.31,378.923076923,624.384615385,30.6923076923,29.9,0.0,
2014-07-25 21:06:00,39.0,1406322389.42,357.916666667,594.916666667,28.3166666667,32.075,0.0,
2014-07-25 21:07:00,36.0,1406322449.08,357.692307692,595.0,28.3846153846,31.8384615385,0.0,
2014-07-25 21:08:00,38.0,1406322508.67,357.083333333,594.25,28.4,31.6083333333,0.0,
2014-07-25 22:10:00,31.0,1406326228.46,343.923076923,573.769230769,26.6846153846,34.9461538462,0.0,
2014-07-25 22:11:00,32.0,1406326290.69,344.0,573.846153846,26.7153846154,34.8307692308,0.0,
2014-07-25 22:12:00,29.0,1406326350.5,344.083333333,574.0,26.7666666667,34.7,0.0,
2014-07-25 23:13:00,30.0,1406330010.23,337.0,560.923076923,25.8,36.5461538462,0.0,
2014-07-25 23:14:00,31.0,1406330070.08,337.0,561.0,25.8333333333,36.5,0.0,
2014-07-25 23:15:00,32.0,1406330129.92,337.076923077,561.0,25.8769230769,36.5,0.0,
2014-07-25 23:25:00,38.0,1406330728.38,337.923076923,563.0,25.9923076923,36.6692307692,0.0,
2014-07-25 23:26:00,37.0,1406330783.43,337.714285714,563.142857143,26.0142857143,36.6857142857,0.0,
2014-07-25 23:27:00,39.0,1406330849.69,338.615384615,567.230769231,26.1923076923,36.4461538462,0.0,
2014-07-26 00:17:00,29.0,1406333849.85,330.0,553.0,25.1076923077,36.9307692308,0.0,
2014-07-26 00:18:00,30.0,1406333909.67,329.916666667,552.916666667,25.1583333333,36.7416666667,0.0,
2014-07-26 00:19:00,31.0,1406333969.62,330.0,553.0,25.1692307692,36.6230769231,0.0,
2014-07-26 01:21:00,35.0,1406337690.08,323.0,540.076923077,24.8,33.5769230769,0.0,
2014-07-26 01:22:00,35.0,1406337750.08,322.916666667,541.083333333,24.8166666667,33.4583333333,0.0,
2014-07-26 01:23:00,35.0,1406337810.0,323.153846154,541.384615385,24.8615384615,33.2692307692,0.0,
2014-07-26 02:25:00,34.0,1406341528.5,321.666666667,537.583333333,24.8583333333,31.9333333333,0.0,
2014-07-26 02:26:00,34.0,1406341588.54,322.0,539.307692308,24.8923076923,32.1692307692,0.0,
2014-07-26 02:27:00,34.0,1406341648.67,322.0,539.416666667,24.9,32.0666666667,0.0,
2014-07-26 03:29:00,40.0,1406345369.58,307.0,528.0,22.2,39.3583333333,0.0,
2014-07-26 03:30:00,29.0,1406345429.85,307.0,527.923076923,22.1769230769,39.4076923077,0.0,
2014-07-26 03:31:00,26.0,1406345489.75,307.0,527.0,22.1166666667,39.5083333333,0.0,
2014-07-26 04:33:00,17.0,1406349209.75,302.0,520.666666667,21.2,41.7083333333,0.0,
2014-07-26 04:34:00,20.0,1406349269.85,302.923076923,520.692307692,21.1769230769,41.8846153846,0.0,
2014-07-26 04:35:00,22.0,1406349329.83,303.5,523.083333333,21.2,41.9666666667,0.0,
2014-07-26 05:37:00,24.0,1406353049.5,302.916666667,514.666666667,21.1833333333,41.8416666667,0.0,
2014-07-26 05:38:00,21.0,1406353109.62,303.0,512.769230769,21.2,41.5615384615,0.0,
2014-07-26 05:39:00,21.0,1406353169.58,302.833333333,512.083333333,21.225,41.525,0.0,
2014-07-26 06:41:00,33.0,1406356890.38,332.461538462,560.384615385,24.7769230769,39.1769230769,0.0,
2014-07-26 06:42:00,31.0,1406356950.42,333.75,562.166666667,24.8416666667,39.4166666667,0.0,
2014-07-26 06:43:00,33.0,1406357010.31,334.0,563.461538462,24.9769230769,39.2923076923,0.0,
2014-07-26 07:45:00,17.0,1406360728.31,366.307692308,603.230769231,28.4153846154,38.5307692308,0.0,
2014-07-26 07:46:00,13.0,1406360783.4,367.7,605.0,28.51,38.52,0.0,
2014-07-26 07:47:00,15.0,1406360857.0,368.9,610.7,28.77,38.19,0.0,
2014-07-26 08:49:00,36.0,1406364568.43,386.428571429,651.571428571,30.9571428571,34.1571428571,0.0,
2014-07-26 08:50:00,22.0,1406364628.42,388.0,658.25,31.2,34.725,0.0,
2014-07-26 08:51:00,20.0,1406364688.38,390.230769231,665.461538462,31.3692307692,35.3538461538,0.0,
2014-07-26 09:53:00,28.0,1406368408.83,392.333333333,655.0,31.875,34.4583333333,0.0,
2014-07-26 09:54:00,35.0,1406368468.85,393.769230769,660.538461538,31.9615384615,35.2769230769,0.0,
2014-07-26 09:55:00,33.0,1406368528.67,395.0,663.916666667,32.0416666667,35.775,0.0,
2014-07-26 10:57:00,33.0,1406372248.75,417.416666667,696.75,33.95,32.475,0.0,
2014-07-26 10:58:00,29.0,1406372309.0,419.769230769,701.538461538,34.1615384615,33.0307692308,0.0,
2014-07-26 10:59:00,24.0,1406372369.08,422.166666667,703.916666667,34.325,32.7166666667,0.0,
2014-07-26 12:01:00,38.0,1406376088.42,520.166666667,798.833333333,43.75,20.1666666667,0.0,
2014-07-26 12:02:00,36.0,1406376148.38,520.846153846,800.307692308,43.7307692308,20.6230769231,0.0,
2014-07-26 12:03:00,37.0,1406376208.42,522.0,801.166666667,43.8,20.5916666667,0.0,
2014-07-26 13:05:00,40.0,1406379929.92,584.692307692,825.0,46.5769230769,17.3692307692,0.0,
2014-07-26 13:06:00,40.0,1406379990.0,583.25,824.416666667,46.4833333333,17.65,0.0,
2014-07-26 13:07:00,40.0,1406380050.0,580.615384615,821.307692308,46.4,17.3846153846,0.0,
2014-07-26 14:09:00,45.0,1406383770.38,581.923076923,810.769230769,44.6692307692,20.4384615385,0.0,
2014-07-26 14:10:00,46.0,1406383830.5,584.166666667,813.083333333,44.8,20.8333333333,0.0,
2014-07-26 14:11:00,45.0,1406383883.0,587.111111111,816.0,44.9333333333,21.1222222222,0.0,
2014-07-26 15:13:00,45.0,1406387609.0,536.25,767.0,40.9,21.3,0.0,
2014-07-26 15:14:00,44.0,1406387666.67,535.444444444,765.555555556,40.8333333333,21.4777777778,0.0,
2014-07-26 15:15:00,44.0,1406387728.46,530.846153846,752.769230769,40.6846153846,19.9538461538,0.0,
2014-07-26 16:17:00,44.0,1406391454.89,471.222222222,723.444444444,35.9777777778,32.1222222222,0.0,
2014-07-26 16:18:00,42.0,1406391509.69,468.153846154,715.230769231,35.4923076923,31.3384615385,0.0,
2014-07-26 16:19:00,44.0,1406391569.83,464.666666667,708.166666667,34.9833333333,31.2833333333,0.0,
2014-07-26 17:21:00,40.0,1406395289.0,476.083333333,692.0,36.775,23.1166666667,1.0,
2014-07-26 17:22:00,41.0,1406395349.15,475.692307692,688.538461538,36.5461538462,23.1769230769,1.0,
2014-07-26 17:23:00,45.0,1406395409.25,474.666666667,687.5,36.3666666667,23.475,1.0,
2014-07-26 18:25:00,42.0,1406399128.67,446.166666667,656.916666667,34.65,24.05,1.0,
2014-07-26 18:26:00,41.0,1406399188.85,444.384615385,654.230769231,34.4153846154,24.1307692308,1.0,
2014-07-26 18:27:00,41.0,1406399248.92,442.666666667,652.25,34.2166666667,24.2833333333,1.0,
2014-07-26 19:29:00,31.0,1406402968.33,412.916666667,631.166666667,31.0833333333,33.7333333333,1.0,
2014-07-26 19:30:00,31.0,1406403028.38,413.769230769,636.846153846,30.7615384615,36.7923076923,1.0,
2014-07-26 19:31:00,30.0,1406403088.5,411.083333333,636.083333333,30.425,38.3333333333,1.0,
2014-07-26 20:33:00,28.0,1406406808.42,345.0,548.833333333,22.925,51.6916666667,1.0,
2014-07-26 20:34:00,30.0,1406406868.46,345.384615385,551.0,22.8076923077,52.6615384615,1.0,
2014-07-26 20:35:00,32.0,1406406928.5,345.083333333,550.833333333,22.7166666667,52.85,1.0,
2014-07-26 21:37:00,39.0,1406410650.62,354.923076923,562.615384615,25.1,43.9769230769,1.0,
2014-07-26 21:38:00,38.0,1406410710.75,354.916666667,562.416666667,25.0416666667,44.5,1.0,
2014-07-26 21:39:00,37.0,1406410768.42,354.916666667,563.0,24.95,44.975,1.0,
2014-07-26 22:42:00,39.0,1406414549.08,351.076923077,559.153846154,25.0846153846,43.5923076923,1.0,
2014-07-26 22:43:00,37.0,1406414609.33,350.5,557.083333333,25.025,43.625,1.0,
2014-07-26 22:44:00,36.0,1406414669.54,350.0,556.0,24.9769230769,43.8769230769,1.0,
2014-07-27 00:50:00,6.0,1406422230.62,325.0,535.076923077,21.1153846154,55.9230769231,1.0,
2014-07-27 00:51:00,6.0,1406422290.58,325.0,535.333333333,21.0666666667,55.875,1.0,
2014-07-27 00:52:00,5.0,1406422348.25,324.666666667,536.0,21.0166666667,55.7166666667,1.0,
2014-07-27 01:54:00,9.0,1406426068.38,319.0,528.0,20.3384615385,57.4538461538,1.0,
2014-07-27 01:55:00,10.0,1406426128.42,318.583333333,527.0,20.3166666667,57.575,1.0,
2014-07-27 01:56:00,10.0,1406426188.38,318.230769231,527.0,20.3,57.6538461538,1.0,
2014-07-27 02:58:00,14.0,1406429908.42,312.0,520.166666667,19.85,54.9416666667,1.0,
2014-07-27 02:59:00,14.0,1406429968.38,311.923076923,519.153846154,19.8,54.9307692308,1.0,
2014-07-27 03:00:00,15.0,1406430030.69,312.0,518.307692308,19.7692307692,55.2538461538,1.0,
2014-07-27 04:02:00,13.0,1406433750.5,311.833333333,517.666666667,19.4083333333,60.0416666667,1.0,
2014-07-27 04:03:00,12.0,1406433810.23,311.923076923,517.0,19.4,59.9153846154,1.0,
2014-07-27 04:04:00,12.0,1406433870.0,311.833333333,517.25,19.4,59.9166666667,1.0,
2014-07-27 05:06:00,12.0,1406437588.92,310.5,518.0,19.4916666667,59.3583333333,1.0,
2014-07-27 05:07:00,13.0,1406437648.69,310.0,517.538461538,19.4615384615,59.4307692308,1.0,
2014-07-27 05:08:00,14.0,1406437710.69,310.153846154,516.230769231,19.4461538462,59.6384615385,1.0,
2014-07-27 06:10:00,21.0,1406441429.85,312.923076923,526.0,19.6153846154,61.9076923077,1.0,
2014-07-27 06:11:00,18.0,1406441489.58,313.0,526.333333333,19.6083333333,62.1083333333,1.0,
2014-07-27 06:12:00,19.0,1406441549.46,313.0,527.615384615,19.6076923077,62.4769230769,1.0,
2014-07-27 07:13:00,15.0,1406445210.42,362.416666667,604.083333333,25.8333333333,54.5333333333,1.0,
2014-07-27 07:14:00,18.0,1406445270.31,362.923076923,605.230769231,25.9384615385,54.4384615385,1.0,
2014-07-27 07:15:00,18.0,1406445330.25,363.916666667,605.916666667,26.0416666667,54.3583333333,1.0,
2014-07-27 08:17:00,24.0,1406449050.15,386.076923077,638.384615385,30.1538461538,41.4769230769,1.0,
2014-07-27 08:18:00,27.0,1406449110.25,384.25,635.75,29.9666666667,41.8583333333,1.0,
2014-07-27 08:19:00,26.0,1406449170.15,382.538461538,634.307692308,29.7615384615,42.4769230769,1.0,
2014-07-27 09:21:00,30.0,1406452890.58,359.666666667,603.333333333,26.7,50.8666666667,1.0,
2014-07-27 09:22:00,33.0,1406452948.33,359.0,602.666666667,26.6916666667,50.9,1.0,
2014-07-27 09:23:00,31.0,1406453008.31,359.0,601.692307692,26.6153846154,50.7923076923,1.0,
2014-07-27 10:25:00,28.0,1406456728.75,387.833333333,641.666666667,29.3583333333,49.3916666667,1.0,
2014-07-27 10:26:00,31.0,1406456789.0,389.769230769,643.769230769,29.5461538462,49.3692307692,1.0,
2014-07-27 10:27:00,32.0,1406456849.25,391.0,645.666666667,29.7083333333,48.7333333333,1.0,
2014-07-27 11:29:00,31.0,1406460568.54,463.846153846,742.846153846,37.9846153846,32.3615384615,1.0,
2014-07-27 11:30:00,33.0,1406460628.58,466.333333333,746.833333333,38.15,32.6833333333,1.0,
2014-07-27 11:31:00,33.0,1406460688.85,469.0,750.538461538,38.3384615385,32.6076923077,1.0,
2014-07-27 12:33:00,33.0,1406464410.33,503.166666667,772.25,40.9916666667,26.85,1.0,
2014-07-27 12:34:00,33.0,1406464470.38,504.615384615,774.153846154,41.1615384615,27.1692307692,1.0,
2014-07-27 12:35:00,32.0,1406464530.58,506.416666667,775.833333333,41.275,27.1083333333,1.0,
2014-07-27 13:37:00,40.0,1406468250.42,512.5,765.333333333,40.7,27.1416666667,1.0,
2014-07-27 13:38:00,39.0,1406468308.25,513.416666667,766.166666667,40.7666666667,26.675,1.0,
2014-07-27 13:39:00,41.0,1406468368.38,513.461538462,765.307692308,40.8153846154,26.0384615385,1.0,
2014-07-27 14:41:00,40.0,1406472089.69,502.0,748.230769231,41.3769230769,24.2461538462,1.0,
2014-07-27 14:42:00,40.0,1406472149.75,499.916666667,745.333333333,41.2916666667,23.8666666667,1.0,
2014-07-27 14:43:00,39.0,1406472209.92,499.230769231,746.461538462,41.1923076923,24.3153846154,1.0,
2014-07-27 15:45:00,39.0,1406475928.58,496.0,723.083333333,39.0083333333,25.5166666667,1.0,
2014-07-27 15:46:00,44.0,1406475988.85,495.230769231,723.0,38.8615384615,25.9769230769,1.0,
2014-07-27 15:47:00,42.0,1406476052.27,493.181818182,721.363636364,38.7454545455,26.0818181818,1.0,
2014-07-27 16:49:00,51.0,1406479769.08,533.583333333,755.0,41.175,24.275,1.0,
2014-07-27 16:50:00,48.0,1406479832.45,534.636363636,756.272727273,41.3090909091,23.8454545455,1.0,
2014-07-27 16:51:00,49.0,1406479890.23,535.384615385,757.0,41.4230769231,23.5615384615,1.0,
2014-07-27 17:53:00,44.0,1406483609.08,504.666666667,723.0,39.1416666667,25.7166666667,2.0,
2014-07-27 17:54:00,44.0,1406483669.23,503.461538462,721.538461538,39.1,25.8153846154,2.0,
2014-07-27 17:55:00,43.0,1406483729.5,501.583333333,718.916666667,39.1083333333,25.3916666667,2.0,
2014-07-27 18:57:00,44.0,1406487449.75,456.0,675.5,35.1416666667,29.5666666667,2.0,
2014-07-27 18:58:00,44.0,1406487510.0,456.0,675.076923077,35.2769230769,28.9230769231,2.0,
2014-07-27 18:59:00,46.0,1406487570.33,456.083333333,675.0,35.4666666667,28.3,2.0,
2014-07-27 20:01:00,44.0,1406491289.75,408.916666667,629.166666667,31.4583333333,35.35,2.0,
2014-07-27 20:02:00,45.0,1406491349.85,409.0,628.307692308,31.5384615385,35.1384615385,2.0,
2014-07-27 20:03:00,44.0,1406491409.67,408.666666667,628.0,31.6,35.0416666667,2.0,
2014-07-27 21:05:00,36.0,1406495129.38,377.384615385,589.923076923,28.6307692308,37.4615384615,2.0,
2014-07-27 21:06:00,35.0,1406495189.33,377.083333333,590.0,28.7166666667,36.8,2.0,
2014-07-27 21:07:00,36.0,1406495249.15,377.0,589.0,28.8,36.3461538462,2.0,
2014-07-27 22:09:00,34.0,1406498970.62,358.0,568.0,26.1384615385,47.4076923077,2.0,
2014-07-27 22:10:00,31.0,1406499030.58,357.916666667,568.0,26.1916666667,47.2333333333,2.0,
2014-07-27 22:11:00,32.0,1406499088.42,358.083333333,568.0,26.2,47.2,2.0,
2014-07-27 23:13:00,29.0,1406502808.31,349.769230769,560.0,25.5846153846,45.7153846154,2.0,
2014-07-27 23:14:00,30.0,1406502868.42,350.0,560.0,25.6,45.45,2.0,
2014-07-27 23:15:00,30.0,1406502928.54,349.923076923,560.384615385,25.6769230769,45.2769230769,2.0,
2014-07-27 23:46:00,36.0,1406504790.25,339.0,542.166666667,24.2083333333,46.6166666667,2.0,
2014-07-27 23:47:00,37.0,1406504850.31,338.230769231,542.076923077,24.1307692308,46.7923076923,2.0,
2014-07-27 23:48:00,37.0,1406504910.58,337.0,540.416666667,24.0583333333,46.6,2.0,
2014-07-28 00:17:00,21.0,1406506649.83,336.166666667,539.916666667,24.225,47.3166666667,2.0,
2014-07-28 00:18:00,20.0,1406506709.77,336.923076923,540.615384615,24.2307692308,47.4076923077,2.0,
2014-07-28 00:19:00,21.0,1406506769.58,336.916666667,541.75,24.2916666667,47.55,2.0,
2014-07-28 01:21:00,24.0,1406510490.0,323.0,529.083333333,22.6,49.1916666667,2.0,
2014-07-28 01:22:00,26.0,1406510549.85,322.153846154,529.0,22.6,49.1538461538,2.0,
2014-07-28 01:23:00,24.0,1406510609.67,322.083333333,528.916666667,22.6,49.1,2.0,
2014-07-28 02:25:00,5.0,1406514329.83,316.0,526.666666667,21.5,53.0666666667,2.0,
2014-07-28 02:26:00,4.0,1406514389.62,316.0,528.0,21.5153846154,52.6769230769,2.0,
2014-07-28 02:27:00,6.0,1406514449.58,315.916666667,528.0,21.525,52.3833333333,2.0,
2014-07-28 03:29:00,8.0,1406518170.08,308.916666667,518.166666667,20.6,54.7,2.0,
2014-07-28 03:30:00,9.0,1406518230.15,309.230769231,519.153846154,20.6,54.5692307692,2.0,
2014-07-28 03:31:00,11.0,1406518290.33,309.0,520.0,20.5916666667,54.5,2.0,
2014-07-28 04:33:00,5.0,1406522008.42,310.916666667,524.0,20.5916666667,57.1,2.0,
2014-07-28 04:34:00,7.0,1406522068.31,311.0,524.0,20.5923076923,57.2538461538,2.0,
2014-07-28 04:35:00,9.0,1406522130.62,311.076923077,524.153846154,20.6461538462,57.4615384615,2.0,
2014-07-28 05:37:00,13.0,1406525849.15,320.538461538,547.0,21.8538461538,58.5692307692,2.0,
2014-07-28 05:38:00,12.0,1406525909.08,320.916666667,546.083333333,21.9,58.5583333333,2.0,
2014-07-28 05:39:00,14.0,1406525969.0,321.0,546.0,21.9,58.5,2.0,
2014-07-28 06:41:00,20.0,1406529690.33,330.25,561.916666667,23.2916666667,57.925,2.0,
2014-07-28 06:42:00,18.0,1406529750.15,331.0,561.384615385,23.3,57.8,2.0,
2014-07-28 06:43:00,19.0,1406529810.08,330.916666667,561.333333333,23.3333333333,57.6916666667,2.0,
2014-07-28 07:45:00,27.0,1406533529.75,368.166666667,613.25,28.1416666667,48.925,2.0,
2014-07-28 07:46:00,28.0,1406533589.69,370.461538462,617.153846154,28.4,48.5846153846,2.0,
2014-07-28 07:47:00,25.0,1406533641.29,372.0,620.0,28.6142857143,47.8714285714,2.0,
2014-07-28 08:48:00,32.0,1406537308.67,425.666666667,692.166666667,35.9666666667,30.0916666667,2.0,
2014-07-28 08:49:00,32.0,1406537368.62,426.307692308,693.769230769,36.0230769231,30.1692307692,2.0,
2014-07-28 08:50:00,35.0,1406537442.14,429.285714286,699.571428571,36.1142857143,30.2285714286,2.0,
2014-07-28 09:52:00,30.0,1406541142.0,472.285714286,742.285714286,40.1428571429,25.7714285714,2.0,
2014-07-28 09:53:00,30.0,1406541209.42,476.75,750.083333333,40.2,26.4083333333,2.0,
2014-07-28 09:54:00,31.0,1406541269.15,480.307692308,758.0,40.2384615385,27.3538461538,2.0,
2014-07-28 10:56:00,45.0,1406544989.83,522.5,783.0,43.0916666667,24.2166666667,2.0,
2014-07-28 10:57:00,42.0,1406545050.0,525.0,788.153846154,43.1,25.3076923077,2.0,
2014-07-28 10:58:00,39.0,1406545110.08,526.166666667,791.0,43.1166666667,25.7833333333,2.0,
2014-07-28 12:00:00,49.0,1406548830.17,581.166666667,817.166666667,46.4666666667,21.9583333333,2.0,
2014-07-28 12:01:00,48.0,1406548890.0,581.461538462,818.846153846,46.4846153846,22.4153846154,2.0,
2014-07-28 12:02:00,45.0,1406548949.83,581.25,818.833333333,46.5083333333,22.7666666667,2.0,
2014-07-28 13:04:00,49.0,1406552669.54,613.846153846,827.0,46.5461538462,21.2076923077,2.0,
2014-07-28 13:05:00,50.0,1406552729.42,613.583333333,827.0,46.6333333333,21.225,2.0,
2014-07-28 13:06:00,47.0,1406552789.38,613.846153846,827.0,46.7076923077,21.3615384615,2.0,
2014-07-28 15:39:00,66.0,1406561957.5,519.0,719.0,38.8875,24.2125,2.0,
2014-07-28 16:43:00,71.0,1406565810.42,509.833333333,728.083333333,39.0833333333,25.2666666667,2.0,
2014-07-28 16:44:00,71.0,1406565870.38,510.0,728.076923077,39.1076923077,25.2307692308,2.0,
2014-07-28 16:45:00,68.0,1406565930.42,509.166666667,727.666666667,39.0916666667,25.0166666667,2.0,
2014-07-28 17:47:00,48.0,1406569648.38,443.0,629.615384615,33.4384615385,21.4,3.0,
2014-07-28 17:48:00,49.0,1406569710.77,442.692307692,630.0,33.4,21.6846153846,3.0,
2014-07-28 17:49:00,46.0,1406569770.58,441.166666667,628.166666667,33.3333333333,21.6666666667,3.0,
2014-07-28 18:50:00,46.0,1406573428.42,441.166666667,633.166666667,33.5,25.3666666667,3.0,
2014-07-28 18:51:00,47.0,1406573488.62,441.769230769,634.846153846,33.4461538462,25.9692307692,3.0,
2014-07-28 18:52:00,46.0,1406573548.58,441.166666667,634.916666667,33.4,26.275,3.0,
2014-07-28 19:54:00,27.0,1406577268.85,403.0,590.153846154,29.6230769231,36.2384615385,3.0,
2014-07-28 19:55:00,28.0,1406577328.67,403.0,591.25,29.5833333333,36.5916666667,3.0,
2014-07-28 19:56:00,28.0,1406577388.62,402.923076923,591.692307692,29.5153846154,37.0076923077,3.0,
2014-07-28 20:58:00,25.0,1406581109.62,380.230769231,576.230769231,26.6384615385,46.5769230769,3.0,
2014-07-28 20:59:00,26.0,1406581169.42,380.0,575.916666667,26.6,46.6416666667,3.0,
2014-07-28 21:00:00,26.0,1406581229.31,380.0,575.0,26.6,46.7,3.0,
2014-07-28 22:02:00,23.0,1406584948.23,366.538461538,562.692307692,25.4,48.6538461538,3.0,
2014-07-28 22:03:00,22.0,1406585008.36,366.454545455,562.181818182,25.3181818182,48.9363636364,3.0,
2014-07-28 22:04:00,22.0,1406585070.77,366.076923077,560.230769231,25.3,48.1461538462,3.0,
2014-07-28 23:06:00,10.0,1406588791.0,355.909090909,550.272727273,23.9090909091,54.4181818182,3.0,
2014-07-28 23:07:00,11.0,1406588849.0,356.076923077,551.461538462,23.9153846154,54.6384615385,3.0,
2014-07-28 23:08:00,12.0,1406588908.83,356.333333333,552.166666667,24.0333333333,54.5833333333,3.0,
2014-07-29 00:10:00,34.0,1406592630.0,346.153846154,547.923076923,23.0615384615,55.0461538462,3.0,
2014-07-29 00:11:00,29.0,1406592689.83,346.833333333,548.833333333,23.2333333333,54.6916666667,3.0,
2014-07-29 00:12:00,28.0,1406592749.69,347.0,549.769230769,23.4,54.1923076923,3.0,
2014-07-29 01:14:00,9.0,1406596469.85,334.923076923,538.076923077,22.1538461538,53.9923076923,3.0,
2014-07-29 01:15:00,11.0,1406596529.75,335.25,537.0,22.2666666667,54.0583333333,3.0,
2014-07-29 01:16:00,11.0,1406596589.85,335.923076923,538.461538462,22.3846153846,54.0461538462,3.0,
2014-07-29 02:18:00,8.0,1406600309.42,332.0,547.583333333,21.7333333333,55.8416666667,3.0,
2014-07-29 02:19:00,7.0,1406600369.38,331.923076923,548.538461538,21.8384615385,55.4692307692,3.0,
2014-07-29 02:20:00,10.0,1406600429.42,332.0,548.916666667,21.925,55.175,3.0,
2014-07-29 03:22:00,13.0,1406604149.31,324.0,539.230769231,21.2692307692,55.1461538462,3.0,
2014-07-29 03:23:00,12.0,1406604209.33,324.5,537.166666667,21.3666666667,55.1916666667,3.0,
2014-07-29 03:24:00,10.0,1406604269.15,325.923076923,539.846153846,21.4,55.1230769231,3.0,
2014-07-29 04:26:00,11.0,1406607989.25,324.0,537.5,21.3666666667,55.9083333333,3.0,
2014-07-29 04:27:00,10.0,1406608049.08,324.0,539.538461538,21.4,55.6076923077,3.0,
2014-07-29 04:28:00,13.0,1406608109.0,324.0,538.833333333,21.475,55.4833333333,3.0,
2014-07-29 05:30:00,10.0,1406611829.0,323.0,532.076923077,21.6923076923,54.3153846154,3.0,
2014-07-29 05:31:00,10.0,1406611889.0,322.916666667,529.75,21.7,54.3,3.0,
2014-07-29 05:32:00,11.0,1406611948.85,322.846153846,528.230769231,21.7153846154,54.3,3.0,
2014-07-29 06:34:00,22.0,1406615668.92,325.916666667,541.333333333,21.95,55.925,3.0,
2014-07-29 06:35:00,20.0,1406615728.85,326.307692308,542.692307692,22.0076923077,55.9076923077,3.0,
2014-07-29 06:36:00,20.0,1406615788.58,326.916666667,543.083333333,22.1,56.025,3.0,
2014-07-29 07:38:00,29.0,1406619509.33,379.916666667,607.5,29.1833333333,41.1916666667,3.0,
2014-07-29 07:39:00,32.0,1406619569.23,382.307692308,612.230769231,29.4153846154,41.4538461538,3.0,
2014-07-29 07:40:00,34.0,1406619629.33,384.416666667,615.916666667,29.625,41.0583333333,3.0,
2014-07-29 08:42:00,41.0,1406623350.0,448.833333333,706.25,37.2416666667,26.9333333333,3.0,
2014-07-29 08:43:00,41.0,1406623410.0,450.615384615,708.461538462,37.3692307692,26.9615384615,3.0,
2014-07-29 08:44:00,40.0,1406623470.0,452.166666667,710.666666667,37.4916666667,26.9333333333,3.0,
2014-07-31 10:12:00,30.0,1406801550.5,403.0,631.833333333,30.275,43.2,5.0,
2014-07-31 10:13:00,33.0,1406801608.42,403.0,631.166666667,30.3083333333,41.9833333333,5.0,
2014-07-31 10:14:00,26.0,1406801668.62,403.0,631.0,30.3615384615,41.3153846154,5.0,
2014-07-31 11:15:00,25.0,1406805329.58,433.583333333,662.5,34.5083333333,29.65,5.0,
2014-07-31 11:16:00,26.0,1406805389.85,433.0,660.384615385,34.4923076923,29.3769230769,5.0,
2014-07-31 11:17:00,25.0,1406805450.0,433.0,659.166666667,34.4416666667,29.4833333333,5.0,
2014-07-31 12:19:00,24.0,1406809170.42,486.083333333,758.916666667,39.8333333333,27.875,5.0,
2014-07-31 12:20:00,26.0,1406809230.31,486.076923077,756.923076923,39.8384615385,26.9538461538,5.0,
2014-07-31 12:21:00,25.0,1406809290.25,485.5,753.583333333,39.8,25.9333333333,5.0,
2014-07-31 13:23:00,31.0,1406813009.83,512.666666667,744.5,41.175,20.3916666667,5.0,
2014-07-31 13:24:00,29.0,1406813069.92,514.692307692,745.230769231,41.0769230769,20.4923076923,5.0,
2014-07-31 13:25:00,28.0,1406813129.92,515.0,744.166666667,40.9333333333,19.925,5.0,
2014-07-31 14:26:00,30.0,1406816790.38,518.615384615,729.923076923,40.0692307692,22.3307692308,5.0,
2014-07-31 14:27:00,31.0,1406816850.42,520.0,731.5,40.0666666667,22.2416666667,5.0,
2014-07-31 14:28:00,29.0,1406816910.38,521.076923077,730.538461538,40.0615384615,21.7153846154,5.0,
2014-07-31 15:30:00,43.0,1406820629.5,531.833333333,718.333333333,41.3,18.375,5.0,
2014-07-31 15:31:00,42.0,1406820689.62,532.692307692,718.461538462,41.2076923077,18.3307692308,5.0,
2014-07-31 15:32:00,42.0,1406820749.58,533.583333333,719.083333333,41.1416666667,18.4833333333,5.0,
2014-07-31 16:34:00,41.0,1406824470.15,531.384615385,703.846153846,40.7692307692,18.0538461538,5.0,
2014-07-31 16:35:00,42.0,1406824530.25,531.666666667,703.0,40.65,17.8583333333,5.0,
2014-07-31 16:36:00,41.0,1406824590.15,531.230769231,701.538461538,40.5153846154,17.8384615385,5.0,
2014-07-31 17:37:00,42.0,1406828248.25,519.666666667,676.083333333,38.9333333333,18.25,6.0,
2014-07-31 17:38:00,41.0,1406828308.23,518.923076923,675.0,38.8076923077,18.1692307692,6.0,
2014-07-31 17:39:00,41.0,1406828370.62,518.076923077,674.153846154,38.7153846154,18.4461538462,6.0,
2014-07-31 18:41:00,42.0,1406832089.15,441.076923077,600.153846154,32.1,22.8769230769,6.0,
2014-07-31 18:42:00,40.0,1406832149.25,440.916666667,600.0,31.9583333333,23.15,6.0,
2014-07-31 18:43:00,41.0,1406832209.31,440.384615385,600.307692308,31.8461538462,23.6076923077,6.0,
2014-07-31 19:45:00,11.0,1406835930.42,401.083333333,563.0,28.5,28.8916666667,6.0,
2014-07-31 19:46:00,11.0,1406835990.54,400.923076923,563.230769231,28.3846153846,29.3769230769,6.0,
2014-07-31 19:47:00,12.0,1406836050.58,400.5,563.75,28.275,29.5833333333,6.0,
2014-07-31 20:49:00,9.0,1406839768.42,362.0,529.833333333,23.7583333333,41.4166666667,6.0,
2014-07-31 20:50:00,7.0,1406839828.38,361.0,528.692307692,23.6615384615,41.6538461538,6.0,
2014-07-31 20:51:00,11.0,1406839888.5,359.916666667,526.666666667,23.5833333333,41.7,6.0,
2014-07-31 21:53:00,19.0,1406843609.33,344.0,499.833333333,21.2,49.6166666667,6.0,
2014-07-31 21:54:00,18.0,1406843669.54,344.0,499.692307692,21.1846153846,49.7769230769,6.0,
2014-07-31 21:55:00,16.0,1406843729.83,344.0,502.0,21.1083333333,49.875,6.0,
2014-07-31 22:57:00,20.0,1406847448.38,338.923076923,501.230769231,20.4538461538,50.0076923077,6.0,
2014-07-31 22:58:00,18.0,1406847508.58,338.916666667,504.0,20.4083333333,50.1916666667,6.0,
2014-07-31 22:59:00,32.0,1406847568.85,338.923076923,505.153846154,20.4,50.3769230769,6.0,
2014-08-01 01:05:00,19.0,1406855128.58,319.916666667,479.916666667,18.1,54.7083333333,6.0,
2014-08-01 01:06:00,19.0,1406855188.31,319.923076923,479.461538462,18.0846153846,54.8153846154,6.0,
2014-08-01 01:07:00,20.0,1406855250.31,319.846153846,478.846153846,18.0461538462,54.8846153846,6.0,
2014-08-01 02:09:00,16.0,1406858969.17,320.916666667,479.083333333,18.125,55.6,6.0,
2014-08-01 02:10:00,15.0,1406859028.92,320.923076923,479.307692308,18.1,55.6769230769,6.0,
2014-08-01 02:11:00,15.0,1406859088.75,320.25,479.5,18.1,55.7,6.0,
2014-08-01 03:13:00,12.0,1406862808.23,318.923076923,482.769230769,17.8615384615,57.5538461538,6.0,
2014-08-01 03:14:00,12.0,1406862870.46,319.0,482.0,17.8,57.6461538462,6.0,
2014-08-01 03:15:00,13.0,1406862930.42,318.916666667,482.416666667,17.8,57.7,6.0,
2014-08-01 04:16:00,18.0,1406866590.5,316.0,481.416666667,17.8,56.7583333333,6.0,
2014-08-01 04:17:00,17.0,1406866650.31,316.0,480.384615385,17.7769230769,56.9615384615,6.0,
2014-08-01 04:18:00,16.0,1406866710.25,316.0,480.0,17.775,57.125,6.0,
2014-08-01 05:20:00,11.0,1406870429.92,312.923076923,478.0,17.4,56.0307692308,6.0,
2014-08-01 05:21:00,10.0,1406870489.75,312.916666667,478.833333333,17.4,56.1416666667,6.0,
2014-08-01 05:22:00,12.0,1406870549.69,313.0,481.615384615,17.3769230769,56.2,6.0,
2014-08-01 06:24:00,8.0,1406874268.75,310.916666667,487.75,16.9,58.3,6.0,
2014-08-01 06:25:00,7.0,1406874328.38,311.615384615,489.538461538,16.9,58.5076923077,6.0,
2014-08-01 06:26:00,9.0,1406874390.31,312.0,491.538461538,16.9076923077,58.7307692308,6.0,
2014-08-01 07:28:00,17.0,1406878110.31,360.0,545.076923077,23.7692307692,48.2230769231,6.0,
2014-08-01 07:29:00,16.0,1406878170.25,360.083333333,544.5,23.8916666667,47.8,6.0,
2014-08-01 07:30:00,17.0,1406878230.15,360.0,542.769230769,23.9769230769,46.4538461538,6.0,
2014-08-01 08:31:00,20.0,1406881889.85,418.384615385,626.692307692,30.7538461538,33.5923076923,6.0,
2014-08-01 08:32:00,22.0,1406881949.58,420.0,629.666666667,30.9083333333,33.8333333333,6.0,
2014-08-01 08:33:00,21.0,1406882009.62,421.846153846,632.230769231,31.0769230769,33.8769230769,6.0,
2014-08-01 09:35:00,33.0,1406885729.58,483.0,698.916666667,37.4083333333,24.1166666667,6.0,
2014-08-01 09:36:00,30.0,1406885789.54,483.538461538,698.384615385,37.4769230769,23.8692307692,6.0,
2014-08-01 09:37:00,28.0,1406885849.42,483.0,696.166666667,37.475,23.275,6.0,
2014-08-01 10:39:00,30.0,1406889569.75,542.583333333,747.416666667,41.3,19.925,6.0,
2014-08-01 10:40:00,31.0,1406889629.85,542.846153846,746.923076923,41.3,19.9307692308,6.0,
2014-08-01 10:41:00,31.0,1406889689.75,543.0,746.0,41.2833333333,19.8083333333,6.0,
2014-08-01 11:43:00,40.0,1406893410.42,564.083333333,740.416666667,42.2333333333,16.925,6.0,
2014-08-01 11:44:00,36.0,1406893470.46,562.615384615,737.538461538,42.0615384615,16.9,6.0,
2014-08-01 11:45:00,35.0,1406893526.6,560.8,734.8,41.95,16.75,6.0,
2014-08-01 12:46:00,33.0,1406897190.38,549.307692308,703.384615385,38.2076923077,18.9153846154,6.0,
2014-08-01 12:47:00,32.0,1406897250.42,552.333333333,705.75,38.4833333333,18.3666666667,6.0,
2014-08-01 12:48:00,34.0,1406897310.09,555.0,707.090909091,38.7363636364,17.9090909091,6.0,
2014-08-01 13:50:00,42.0,1406901030.62,546.538461538,691.769230769,38.1,19.2769230769,6.0,
2014-08-01 13:51:00,41.0,1406901093.8,550.0,696.5,38.2,19.16,6.0,
2014-08-01 13:52:00,37.0,1406901149.15,552.769230769,700.230769231,38.3615384615,18.7230769231,6.0,
2014-08-01 14:54:00,34.0,1406904869.92,547.307692308,681.769230769,38.2384615385,17.1307692308,6.0,
2014-08-01 14:55:00,35.0,1406904930.0,547.25,680.75,38.3583333333,16.55,6.0,
2014-08-01 14:56:00,38.0,1406904990.15,550.230769231,684.538461538,38.5769230769,16.6923076923,6.0,
2014-08-01 15:58:00,36.0,1406908709.0,532.153846154,664.769230769,38.3769230769,15.7230769231,6.0,
2014-08-01 15:59:00,34.0,1406908769.17,530.166666667,663.5,38.3,15.7166666667,6.0,
2014-08-01 16:00:00,35.0,1406908829.15,528.692307692,663.692307692,38.2307692308,16.0230769231,6.0,
2014-08-01 17:02:00,37.0,1406912550.17,541.75,671.833333333,37.975,16.1416666667,7.0,
2014-08-01 17:03:00,38.0,1406912610.0,542.923076923,671.384615385,38.2615384615,15.8230769231,7.0,
2014-08-01 17:04:00,37.0,1406912670.0,543.0,668.666666667,38.4583333333,15.025,7.0,
2014-08-01 18:06:00,37.0,1406916388.83,479.833333333,629.0,34.125,22.35,7.0,
2014-08-01 18:07:00,38.0,1406916448.85,480.076923077,628.769230769,34.2461538462,22.2307692308,7.0,
2014-08-01 18:08:00,39.0,1406916508.67,479.416666667,628.166666667,34.3083333333,22.0666666667,7.0,
2014-08-01 19:10:00,33.0,1406920230.08,454.692307692,600.076923077,32.6769230769,21.3076923077,7.0,
2014-08-01 19:11:00,34.0,1406920290.17,454.5,600.083333333,32.7,21.1333333333,7.0,
2014-08-01 19:12:00,33.0,1406920350.15,455.0,601.076923077,32.7076923077,21.5307692308,7.0,
2014-08-01 20:14:00,22.0,1406924069.62,399.0,556.923076923,27.8,29.6769230769,7.0,
2014-08-01 20:15:00,21.0,1406924129.67,397.583333333,554.166666667,27.7416666667,29.3583333333,7.0,
2014-08-01 20:16:00,23.0,1406924189.77,396.384615385,552.0,27.7,29.2076923077,7.0,
2014-08-01 21:18:00,23.0,1406927910.0,368.0,521.076923077,23.8307692308,38.6846153846,7.0,
2014-08-01 21:19:00,24.0,1406927970.08,367.916666667,522.25,23.8916666667,38.875,7.0,
2014-08-01 21:20:00,24.0,1406928030.08,368.0,523.769230769,23.9,39.0461538462,7.0,
2014-08-01 22:22:00,25.0,1406931749.25,355.916666667,508.666666667,22.1416666667,45.6,7.0,
2014-08-01 22:23:00,25.0,1406931809.38,355.923076923,508.0,22.1923076923,45.4769230769,7.0,
2014-08-01 22:24:00,24.0,1406931869.42,356.0,507.25,22.2,45.3333333333,7.0,
2014-08-02 00:01:00,20.0,1406937690.46,339.0,491.846153846,19.5076923077,51.6692307692,7.0,
2014-08-02 00:02:00,20.0,1406937750.17,339.0,492.0,19.5,51.9083333333,7.0,
2014-08-02 00:03:00,21.0,1406937809.85,339.0,492.0,19.5,52.1230769231,7.0,
2014-08-02 00:30:00,18.0,1406939429.17,339.0,497.0,20.3916666667,48.9166666667,7.0,
2014-08-02 00:31:00,19.0,1406939489.0,339.0,497.538461538,20.4,48.9,7.0,
2014-08-02 00:32:00,17.0,1406939549.0,339.0,498.0,20.4,48.8833333333,7.0,
2014-08-02 01:34:00,8.0,1406943270.38,332.0,482.0,19.3923076923,50.9461538462,7.0,
2014-08-02 01:35:00,9.0,1406943330.42,332.0,481.916666667,19.4,50.7666666667,7.0,
2014-08-02 01:36:00,9.0,1406943390.31,332.0,481.923076923,19.4076923077,50.6153846154,7.0,
2014-08-02 02:38:00,14.0,1406947109.85,322.0,474.230769231,18.3923076923,50.2153846154,7.0,
2014-08-02 02:39:00,13.0,1406947169.67,321.916666667,474.75,18.3833333333,50.3,7.0,
2014-08-02 02:40:00,14.0,1406947229.62,321.923076923,474.230769231,18.3769230769,50.3,7.0,
2014-08-02 03:41:00,10.0,1406950889.67,317.916666667,465.75,17.5,54.1,7.0,
2014-08-02 03:42:00,9.0,1406950949.62,318.615384615,466.538461538,17.4923076923,54.0923076923,7.0,
2014-08-02 03:43:00,10.0,1406951009.58,318.75,466.666666667,17.5083333333,54.0,7.0,
2014-08-02 04:45:00,7.0,1406954730.25,314.916666667,467.0,17.125,54.0166666667,7.0,
2014-08-02 04:46:00,6.0,1406954790.15,314.923076923,467.769230769,17.1615384615,53.7230769231,7.0,
2014-08-02 04:47:00,5.0,1406954850.17,314.916666667,467.666666667,17.2,53.4166666667,7.0,
2014-08-02 05:49:00,13.0,1406958568.62,310.923076923,460.692307692,16.8,53.2230769231,7.0,
2014-08-02 05:50:00,15.0,1406958628.5,310.75,462.0,16.8,52.9,7.0,
2014-08-02 05:51:00,15.0,1406958695.62,309.375,462.125,16.8625,52.65,7.0,
2014-08-02 06:53:00,9.0,1406962398.12,328.25,496.375,18.95,55.7125,7.0,
2014-08-02 06:54:00,11.0,1406962471.5,329.25,502.416666667,19.2833333333,55.3166666667,7.0,
2014-08-02 06:55:00,14.0,1406962529.0,331.5,509.5,19.6416666667,54.7083333333,7.0,
2014-08-02 07:57:00,21.0,1406966249.54,403.076923077,608.615384615,30.1384615385,29.3769230769,7.0,
2014-08-02 07:58:00,24.0,1406966309.42,406.5,617.833333333,30.3583333333,30.35,7.0,
2014-08-02 07:59:00,26.0,1406966369.23,408.384615385,622.692307692,30.5846153846,30.7461538462,7.0,
2014-08-02 09:00:00,40.0,1406970029.38,481.0,699.0,37.3461538462,23.4153846154,7.0,
2014-08-02 09:01:00,44.0,1406970089.0,483.0,704.166666667,37.4916666667,24.275,7.0,
2014-08-02 09:02:00,43.0,1406970148.69,484.153846154,706.923076923,37.6076923077,24.6307692308,7.0,
2014-08-02 10:04:00,49.0,1406973869.58,550.5,764.666666667,41.825,22.4083333333,7.0,
2014-08-02 10:05:00,50.0,1406973929.46,551.692307692,767.538461538,41.9692307692,23.1538461538,7.0,
2014-08-02 10:06:00,44.0,1406973989.33,552.833333333,769.0,42.1083333333,23.2416666667,7.0,
2014-08-02 11:08:00,41.0,1406977708.67,590.0,788.0,44.0333333333,21.4916666667,7.0,
2014-08-02 11:09:00,43.0,1406977768.62,590.076923077,788.076923077,44.0923076923,21.7615384615,7.0,
2014-08-02 11:10:00,44.0,1406977828.67,591.0,789.666666667,44.1083333333,22.325,7.0,
2014-08-02 12:12:00,36.0,1406981548.42,608.916666667,796.0,45.2,19.825,7.0,
2014-08-02 12:13:00,36.0,1406981608.54,608.230769231,796.0,45.1846153846,20.5307692308,7.0,
2014-08-02 12:14:00,37.0,1406981668.58,607.333333333,795.666666667,45.1083333333,20.7083333333,7.0,
2014-08-02 13:16:00,36.0,1406985388.75,615.5,792.0,43.6916666667,21.8916666667,7.0,
2014-08-02 13:17:00,35.0,1406985441.7,616.0,792.0,43.78,22.2,7.0,
2014-08-02 13:18:00,35.0,1406985510.75,611.833333333,785.0,43.8583333333,21.3416666667,7.0,
2014-08-02 15:27:00,39.0,1406993248.62,569.615384615,751.0,43.8076923077,15.0846153846,7.0,
2014-08-02 15:28:00,37.0,1406993310.69,578.153846154,756.769230769,44.0615384615,15.1615384615,7.0,
2014-08-02 15:29:00,37.0,1406993370.25,583.083333333,758.25,44.3083333333,14.6583333333,7.0,
2014-08-02 15:30:00,45.0,1406993429.77,586.923076923,758.153846154,44.5615384615,14.2384615385,7.0,
2014-08-02 16:31:00,51.0,1406997089.33,595.416666667,762.583333333,44.7666666667,15.3083333333,7.0,
2014-08-02 16:32:00,50.0,1406997149.15,595.230769231,764.923076923,44.8384615385,15.7461538462,7.0,
2014-08-02 16:33:00,44.0,1406997209.25,594.333333333,762.166666667,44.9,15.1416666667,7.0,
2014-08-02 17:35:00,53.0,1407000930.25,583.833333333,751.75,44.3083333333,16.2333333333,8.0,
2014-08-02 17:36:00,57.0,1407000990.08,583.923076923,752.076923077,44.4,16.2461538462,8.0,
2014-08-02 17:37:00,51.0,1407001049.83,583.583333333,751.916666667,44.4,16.3333333333,8.0,
2014-08-02 18:38:00,62.0,1407004708.58,495.75,660.25,37.1416666667,18.425,8.0,
2014-08-02 18:39:00,55.0,1407004768.38,494.307692308,658.538461538,37.1,18.1307692308,8.0,
2014-08-02 18:40:00,57.0,1407004830.62,494.0,657.0,37.0538461538,18.0307692308,8.0,
2014-08-02 19:42:00,42.0,1407008550.17,449.25,624.583333333,32.9916666667,24.5,8.0,
2014-08-02 19:43:00,39.0,1407008610.0,449.153846154,625.538461538,32.9923076923,24.8615384615,8.0,
2014-08-02 19:44:00,37.0,1407008669.83,448.916666667,625.25,32.9583333333,24.85,8.0,
2014-08-02 20:45:00,25.0,1407012330.17,410.833333333,585.916666667,29.0,30.65,8.0,
2014-08-02 20:46:00,25.0,1407012390.0,410.846153846,586.076923077,29.0,30.7,8.0,
2014-08-02 20:47:00,26.0,1407012449.83,411.0,586.083333333,29.0,30.7,8.0,
2014-08-02 21:49:00,10.0,1407016169.42,391.916666667,563.0,27.025,34.5333333333,8.0,
2014-08-02 21:50:00,0.0,1407016229.31,391.923076923,563.0,27.0846153846,34.5,8.0,
2014-08-02 21:51:00,0.0,1407016289.25,392.0,563.0,27.1,34.4166666667,8.0,
2014-08-02 22:53:00,18.0,1407020009.75,376.666666667,559.416666667,25.3,39.0833333333,8.0,
2014-08-02 22:54:00,16.0,1407020069.62,376.0,557.461538462,25.2615384615,39.0307692308,8.0,
2014-08-02 22:55:00,16.0,1407020129.58,375.583333333,555.833333333,25.2083333333,39.0,8.0,
2014-08-02 23:26:00,24.0,1407021989.46,363.923076923,539.0,23.1307692308,43.4307692308,8.0,
2014-08-02 23:27:00,22.0,1407022049.42,363.75,539.583333333,23.0916666667,43.65,8.0,
2014-08-02 23:28:00,22.0,1407022109.38,363.230769231,540.0,23.0,43.8692307692,8.0,
2014-08-03 01:00:00,20.0,1407027630.58,346.416666667,517.0,21.2,50.3916666667,8.0,
2014-08-03 01:01:00,20.0,1407027690.46,346.923076923,517.538461538,21.2,50.4461538462,8.0,
2014-08-03 01:02:00,22.0,1407027750.33,346.916666667,517.833333333,21.2166666667,50.4833333333,8.0,
2014-08-03 02:04:00,21.0,1407031469.69,336.923076923,494.0,20.3307692308,48.0076923077,8.0,
2014-08-03 02:05:00,21.0,1407031529.42,337.0,495.583333333,20.3583333333,48.0,8.0,
2014-08-03 02:06:00,19.0,1407031589.23,336.923076923,496.846153846,20.3846153846,48.0076923077,8.0,
2014-08-03 03:08:00,14.0,1407035308.83,333.0,497.25,20.2,47.5833333333,8.0,
2014-08-03 03:09:00,14.0,1407035368.69,332.923076923,498.846153846,20.2,47.6,8.0,
2014-08-03 03:10:00,13.0,1407035428.58,333.5,500.75,20.1916666667,47.5666666667,8.0,
2014-08-03 04:12:00,19.0,1407039150.54,328.538461538,495.461538462,19.6,49.6153846154,8.0,
2014-08-03 04:13:00,19.0,1407039210.42,328.333333333,494.166666667,19.6083333333,49.6083333333,8.0,
2014-08-03 04:14:00,19.0,1407039270.23,328.153846154,493.307692308,19.6230769231,49.6692307692,8.0,
2014-08-03 05:16:00,10.0,1407042990.08,321.846153846,494.153846154,18.7615384615,50.0769230769,8.0,
2014-08-03 05:17:00,13.0,1407043042.78,321.888888889,494.444444444,18.7777777778,50.1,8.0,
2014-08-03 05:18:00,11.0,1407043114.0,320.4,497.2,18.85,49.99,8.0,
2014-08-03 06:19:00,8.0,1407046770.42,322.583333333,491.0,18.6833333333,52.8916666667,8.0,
2014-08-03 06:20:00,8.0,1407046830.43,322.142857143,489.142857143,18.7428571429,52.9428571429,8.0,
2014-08-03 06:21:00,6.0,1407046889.31,322.0,493.307692308,18.9615384615,52.6846153846,8.0,
2014-08-03 07:23:00,26.0,1407050614.27,381.454545455,576.090909091,26.6363636364,39.5454545455,8.0,
2014-08-03 07:24:00,25.0,1407050669.42,384.333333333,585.25,26.8833333333,40.4916666667,8.0,
2014-08-03 07:25:00,26.0,1407050729.23,386.615384615,591.846153846,27.1461538462,40.7692307692,8.0,
2014-08-03 08:27:00,43.0,1407054448.54,466.153846154,690.307692308,35.7461538462,27.7384615385,8.0,
2014-08-03 08:28:00,34.0,1407054508.42,467.5,694.583333333,35.8583333333,28.2583333333,8.0,
2014-08-03 08:29:00,35.0,1407054568.23,469.153846154,697.230769231,35.9615384615,28.7153846154,8.0,
2014-08-03 09:31:00,35.0,1407058290.42,529.583333333,756.666666667,40.45,26.0083333333,8.0,
2014-08-03 09:32:00,32.0,1407058350.15,531.0,757.461538462,40.5769230769,25.9538461538,8.0,
2014-08-03 09:33:00,38.0,1407058410.17,531.25,758.25,40.6916666667,25.9833333333,8.0,
2014-08-03 10:34:00,39.0,1407062069.42,588.166666667,799.333333333,44.525,23.125,8.0,
2014-08-03 10:35:00,43.0,1407062129.54,590.076923077,800.846153846,44.6692307692,23.5692307692,8.0,
2014-08-03 10:36:00,47.0,1407062189.67,590.916666667,802.333333333,44.7666666667,23.8333333333,8.0,
2014-08-03 11:38:00,56.0,1407065909.62,618.076923077,819.0,46.3384615385,22.6538461538,8.0,
2014-08-03 11:39:00,60.0,1407065969.75,619.083333333,819.0,46.425,22.8,8.0,
2014-08-03 11:40:00,50.0,1407066030.0,620.0,819.0,46.5692307692,22.8307692308,8.0,
2014-08-03 12:42:00,93.0,1407069750.08,647.0,837.916666667,48.1916666667,23.0333333333,8.0,
2014-08-03 12:43:00,44.0,1407069810.15,647.076923077,838.0,48.2923076923,22.7692307692,8.0,
2014-08-03 12:44:00,43.0,1407069868.44,646.333333333,836.777777778,48.3666666667,22.6555555556,8.0,
2014-08-03 13:46:00,45.0,1407073588.85,632.769230769,819.0,45.7,23.5769230769,8.0,
2014-08-03 13:47:00,44.0,1407073654.22,629.777777778,815.555555556,45.7666666667,23.2666666667,8.0,
2014-08-03 13:48:00,44.0,1407073708.25,627.0,805.333333333,45.8916666667,20.6,8.0,
2014-08-03 14:50:00,50.0,1407077431.64,625.0,809.818181818,46.3181818182,22.4181818182,8.0,
2014-08-03 14:51:00,46.0,1407077489.31,623.307692308,797.615384615,46.4,19.1307692308,8.0,
2014-08-03 14:52:00,44.0,1407077549.42,624.666666667,790.916666667,46.3916666667,16.8166666667,8.0,
2014-08-03 15:54:00,52.0,1407081270.25,612.083333333,786.416666667,46.9916666667,16.9583333333,8.0,
2014-08-03 15:55:00,49.0,1407081330.31,613.615384615,783.076923077,46.8384615385,16.0,8.0,
2014-08-03 15:56:00,48.0,1407081390.42,614.083333333,780.583333333,46.7166666667,15.475,8.0,
2014-08-03 16:58:00,47.0,1407085108.92,606.230769231,769.923076923,46.1846153846,15.1923076923,9.0,
2014-08-03 16:59:00,47.0,1407085169.0,606.333333333,768.166666667,45.9916666667,14.9583333333,9.0,
2014-08-03 17:00:00,48.0,1407085229.0,606.769230769,769.076923077,45.8384615385,15.1,9.0,
2014-08-03 18:02:00,49.0,1407088950.62,567.307692308,744.230769231,43.6076923077,17.5384615385,9.0,
2014-08-03 18:03:00,48.0,1407089010.5,565.916666667,742.833333333,43.3166666667,17.7,9.0,
2014-08-03 18:04:00,49.0,1407089070.38,563.461538462,742.230769231,43.0538461538,18.1384615385,9.0,
2014-08-03 19:06:00,86.0,1407092790.42,492.666666667,691.0,37.15,26.0333333333,9.0,
2014-08-03 19:07:00,81.0,1407092850.23,491.0,689.230769231,36.9692307692,26.0538461538,9.0,
2014-08-03 19:08:00,77.0,1407092910.25,488.5,684.75,36.8166666667,25.5416666667,9.0,
2014-08-03 20:10:00,14.0,1407096629.0,426.666666667,621.083333333,31.0583333333,30.025,9.0,
2014-08-03 20:11:00,14.0,1407096689.0,424.692307692,618.615384615,30.8846153846,29.9307692308,9.0,
2014-08-03 20:12:00,18.0,1407096749.08,424.0,616.166666667,30.7666666667,29.9666666667,9.0,
2014-08-03 21:14:00,11.0,1407100468.62,392.230769231,588.846153846,26.9692307692,38.2384615385,9.0,
2014-08-03 21:15:00,9.0,1407100528.67,391.25,586.75,26.8833333333,38.025,9.0,
2014-08-03 21:16:00,10.0,1407100588.85,391.0,585.461538462,26.7384615385,38.3076923077,9.0,
2014-08-03 22:18:00,8.0,1407104308.5,374.916666667,562.166666667,24.85,43.9333333333,9.0,
2014-08-03 22:19:00,8.0,1407104368.77,374.923076923,560.384615385,24.7923076923,44.1846153846,9.0,
2014-08-03 22:20:00,5.0,1407104428.83,375.0,560.0,24.7083333333,44.3833333333,9.0,
2014-08-03 23:23:00,19.0,1407108209.0,364.166666667,547.333333333,23.6166666667,45.875,9.0,
2014-08-03 23:24:00,17.0,1407108269.15,364.461538462,544.769230769,23.6,46.0153846154,9.0,
2014-08-03 23:25:00,18.0,1407108329.33,363.916666667,542.583333333,23.5416666667,46.0083333333,9.0,
2014-08-03 23:56:00,32.0,1407110188.92,366.916666667,561.25,24.45,45.95,9.0,
2014-08-03 23:57:00,31.0,1407110249.0,366.230769231,559.923076923,24.4615384615,45.8230769231,9.0,
2014-08-03 23:58:00,29.0,1407110309.25,366.083333333,558.0,24.4916666667,45.7833333333,9.0,
2014-08-04 00:27:00,22.0,1407112049.15,363.0,553.769230769,23.4692307692,48.4384615385,9.0,
2014-08-04 00:28:00,21.0,1407112109.25,363.916666667,555.0,23.4,48.7083333333,9.0,
2014-08-04 00:29:00,21.0,1407112169.08,363.923076923,555.769230769,23.4,49.0076923077,9.0,
2014-08-04 01:30:00,23.0,1407115830.25,353.916666667,537.0,22.7,48.2833333333,9.0,
2014-08-04 01:31:00,21.0,1407115890.15,354.0,537.0,22.6923076923,48.3307692308,9.0,
2014-08-04 01:32:00,25.0,1407115950.17,353.916666667,537.0,22.6083333333,48.4666666667,9.0,
2014-08-04 01:33:00,25.0,1407116010.0,354.0,537.769230769,22.6,48.5923076923,9.0,
2014-08-04 02:34:00,16.0,1407119669.38,344.0,524.153846154,21.9153846154,47.4,9.0,
2014-08-04 02:35:00,17.0,1407119729.33,343.916666667,524.0,21.9,47.4416666667,9.0,
2014-08-04 02:36:00,18.0,1407119789.15,344.0,524.076923077,21.8461538462,47.5230769231,9.0,
2014-08-04 03:38:00,19.0,1407123508.75,337.5,511.0,20.8,50.3,9.0,
2014-08-04 03:39:00,17.0,1407123568.77,337.0,511.0,20.8,50.4153846154,9.0,
2014-08-04 03:40:00,17.0,1407123628.58,337.0,511.666666667,20.8,50.5666666667,9.0,
2014-08-04 04:42:00,4.0,1407127348.23,327.923076923,508.384615385,19.8076923077,51.0923076923,9.0,
2014-08-04 04:43:00,7.0,1407127410.54,328.0,507.153846154,19.8,51.1923076923,9.0,
2014-08-04 04:44:00,6.0,1407127470.42,327.666666667,507.0,19.7416666667,51.2416666667,9.0,
2014-08-04 05:46:00,24.0,1407131188.54,325.846153846,507.923076923,19.2769230769,54.0769230769,9.0,
2014-08-04 05:47:00,19.0,1407131248.42,325.166666667,507.916666667,19.2166666667,54.0416666667,9.0,
2014-08-04 05:48:00,17.0,1407131308.23,325.0,507.0,19.2,54.0923076923,9.0,
2014-08-04 06:50:00,19.0,1407135029.0,347.384615385,539.692307692,21.4846153846,57.1230769231,9.0,
2014-08-04 06:51:00,18.0,1407135089.0,348.0,540.416666667,21.6333333333,56.7333333333,9.0,
2014-08-04 06:52:00,18.0,1407135149.0,348.692307692,542.076923077,21.7615384615,56.5,9.0,
2014-08-04 07:54:00,24.0,1407138869.69,396.0,604.0,28.9307692308,36.6461538462,9.0,
2014-08-04 07:55:00,24.0,1407138929.67,396.0,603.916666667,28.9833333333,36.6166666667,9.0,
2014-08-04 07:56:00,24.0,1407138989.62,395.923076923,604.0,28.9923076923,36.5230769231,9.0,
2014-08-04 08:58:00,27.0,1407142710.46,461.846153846,691.0,35.0846153846,28.9769230769,9.0,
2014-08-04 08:59:00,34.0,1407142770.42,463.666666667,693.5,35.2666666667,28.7916666667,9.0,
2014-08-04 09:00:00,35.0,1407142830.23,465.076923077,695.076923077,35.4307692308,28.3230769231,9.0,
2014-08-04 10:01:00,40.0,1407146489.62,543.769230769,773.307692308,42.4615384615,20.6307692308,9.0,
2014-08-04 10:02:00,39.0,1407146549.58,545.166666667,774.0,42.525,20.5166666667,9.0,
2014-08-04 10:03:00,35.0,1407146609.54,546.461538462,774.461538462,42.6615384615,20.3846153846,9.0,
2014-08-04 11:05:00,46.0,1407150330.25,580.083333333,786.25,44.375,19.1916666667,9.0,
2014-08-04 11:06:00,44.0,1407150390.15,579.923076923,785.0,44.3846153846,19.0,9.0,
2014-08-04 11:07:00,44.0,1407150450.25,580.0,784.333333333,44.3333333333,18.9,9.0,
2014-08-04 12:09:00,58.0,1407154169.42,603.666666667,794.333333333,44.9416666667,20.0916666667,9.0,
2014-08-04 12:10:00,56.0,1407154229.38,604.076923077,795.076923077,45.0230769231,20.2,9.0,
2014-08-04 12:11:00,58.0,1407154289.58,605.416666667,795.916666667,45.125,20.0666666667,9.0,
2014-08-04 13:14:00,50.0,1407158069.33,652.75,824.833333333,48.6166666667,16.2166666667,9.0,
2014-08-04 13:15:00,45.0,1407158129.38,651.307692308,823.615384615,48.5538461538,16.0307692308,9.0,
2014-08-04 13:16:00,43.0,1407158189.27,648.818181818,820.818181818,48.4636363636,15.8090909091,9.0,
2014-08-04 14:18:00,44.0,1407161909.62,582.461538462,768.538461538,43.7923076923,19.0384615385,9.0,
2014-08-04 14:19:00,45.0,1407161972.45,581.363636364,767.272727273,43.7454545455,18.8909090909,9.0,
2014-08-04 14:20:00,46.0,1407162030.75,580.166666667,766.25,43.6916666667,18.6166666667,9.0,
2014-08-04 15:22:00,40.0,1407165753.8,556.0,739.4,41.04,20.96,9.0,
2014-08-04 15:23:00,39.0,1407165809.08,556.153846154,739.538461538,41.0769230769,20.7153846154,9.0,
2014-08-04 15:24:00,42.0,1407165869.33,557.0,739.0,41.2166666667,20.3166666667,9.0,
2014-08-04 16:26:00,54.0,1407169589.62,523.846153846,710.0,39.4,22.0,9.0,
2014-08-04 16:27:00,60.0,1407169649.83,522.583333333,709.916666667,39.4583333333,21.975,9.0,
2014-08-04 16:28:00,55.0,1407169710.08,521.615384615,710.0,39.5,22.2,9.0,
2014-08-04 17:30:00,50.0,1407173430.54,453.846153846,647.769230769,33.4538461538,27.2,10.0,
2014-08-04 17:31:00,46.0,1407173490.75,453.833333333,647.666666667,33.5,27.2,10.0,
2014-08-04 17:32:00,46.0,1407173548.67,453.666666667,647.416666667,33.575,27.2833333333,10.0,
2014-08-04 18:34:00,52.0,1407177269.25,443.0,637.25,32.6666666667,28.8,10.0,
2014-08-04 18:35:00,49.0,1407177329.38,443.461538462,637.153846154,32.8076923077,28.5461538462,10.0,
2014-08-04 18:36:00,50.0,1407177389.58,443.083333333,636.416666667,32.9,28.2583333333,10.0,
2014-08-04 19:38:00,51.0,1407181110.75,419.916666667,618.166666667,30.9416666667,30.8416666667,10.0,
2014-08-04 19:39:00,50.0,1407181168.5,419.416666667,617.75,31.0,30.8666666667,10.0,
2014-08-04 19:40:00,48.0,1407181228.69,419.0,617.230769231,31.0076923077,30.6615384615,10.0,
2014-08-04 20:42:00,14.0,1407184949.85,384.0,584.0,27.2,37.6230769231,10.0,
2014-08-04 20:43:00,13.0,1407185010.0,384.0,584.0,27.25,37.475,10.0,
2014-08-04 20:44:00,10.0,1407185070.08,384.153846154,584.0,27.3,37.3461538462,10.0,
2014-08-04 21:46:00,24.0,1407188789.17,381.666666667,571.083333333,27.1083333333,37.1916666667,10.0,
2014-08-04 21:47:00,23.0,1407188849.15,382.0,571.923076923,27.2,37.0,10.0,
2014-08-04 21:48:00,24.0,1407188909.42,382.0,572.416666667,27.2333333333,36.9833333333,10.0,
2014-08-04 22:50:00,20.0,1407192628.38,370.923076923,562.769230769,26.2076923077,38.9615384615,10.0,
2014-08-04 22:51:00,21.0,1407192688.58,371.0,562.5,26.2333333333,38.8333333333,10.0,
2014-08-04 22:52:00,21.0,1407192748.69,371.0,561.153846154,26.2923076923,38.6615384615,10.0,
2014-08-05 00:58:00,27.0,1407200309.38,358.153846154,558.0,24.6076923077,46.2,10.0,
2014-08-05 00:59:00,26.0,1407200369.25,358.916666667,558.916666667,24.6416666667,46.25,10.0,
2014-08-05 01:00:00,27.0,1407200429.08,359.0,560.0,24.7,46.4,10.0,
2014-08-05 02:02:00,7.0,1407204150.46,346.846153846,546.923076923,23.6,45.7538461538,10.0,
2014-08-05 02:03:00,7.0,1407204210.25,346.0,546.166666667,23.6,45.8,10.0,
2014-08-05 02:04:00,6.0,1407204270.08,346.0,546.0,23.6,45.8384615385,10.0,
2014-08-05 03:06:00,17.0,1407207989.58,341.25,535.333333333,22.625,50.6166666667,10.0,
2014-08-05 03:07:00,20.0,1407208049.38,342.0,534.230769231,22.6230769231,50.7384615385,10.0,
2014-08-05 03:08:00,16.0,1407208109.25,342.5,534.0,22.7,50.9666666667,10.0,
2014-08-05 04:10:00,10.0,1407211829.0,345.230769231,550.0,23.3,51.1,10.0,
2014-08-05 04:11:00,8.0,1407211889.0,345.833333333,550.916666667,23.3,51.1416666667,10.0,
2014-08-05 04:12:00,9.0,1407211949.0,346.0,551.769230769,23.3,51.2,10.0,
2014-08-05 05:14:00,11.0,1407215669.42,344.916666667,551.0,23.7,48.8,10.0,
2014-08-05 05:15:00,11.0,1407215729.38,345.0,551.0,23.7,48.7307692308,10.0,
2014-08-05 05:16:00,12.0,1407215789.42,344.916666667,551.0,23.7166666667,48.5333333333,10.0,
2014-08-05 14:42:00,36.0,1407249748.38,451.923076923,654.846153846,34.2923076923,25.5,10.0,
2014-08-05 14:43:00,36.0,1407249810.46,450.692307692,653.538461538,34.1692307692,25.5615384615,10.0,
2014-08-05 14:44:00,35.0,1407249870.08,448.833333333,651.5,34.0666666667,25.4,10.0,
2014-08-05 15:45:00,32.0,1407253528.46,411.923076923,618.0,29.8846153846,33.4153846154,10.0,
2014-08-05 15:46:00,32.0,1407253590.69,411.230769231,617.307692308,29.8230769231,33.5076923077,10.0,
2014-08-05 15:47:00,30.0,1407253650.42,410.833333333,616.416666667,29.775,33.475,10.0,
2014-08-05 16:49:00,32.0,1407257369.77,417.307692308,619.153846154,30.6384615385,31.7384615385,10.0,
2014-08-05 16:50:00,31.0,1407257429.58,418.0,619.25,30.7416666667,31.325,10.0,
2014-08-05 16:51:00,30.0,1407257489.31,418.461538462,618.153846154,30.8615384615,30.3615384615,10.0,
2014-08-05 17:52:00,1.0,1407261149.42,440.5,644.166666667,34.1,28.5,11.0,
2014-08-05 17:53:00,1.0,1407261209.23,439.923076923,642.846153846,34.0923076923,28.3538461538,11.0,
2014-08-05 17:54:00,1.0,1407261268.92,439.5,641.583333333,34.0083333333,28.3,11.0,
2014-08-05 18:56:00,34.0,1407264990.33,409.5,607.916666667,31.375,29.425,11.0,
2014-08-05 18:57:00,33.0,1407265050.0,408.923076923,608.0,31.3076923077,29.6923076923,11.0,
2014-08-05 18:58:00,34.0,1407265109.67,409.0,608.0,31.2333333333,29.8916666667,11.0,
2014-08-05 19:54:00,35.0,1407268470.08,377.166666667,578.583333333,27.85,35.3416666667,11.0,
2014-08-05 19:55:00,21.0,1407268530.0,376.846153846,578.461538462,27.7538461538,35.6153846154,11.0,
2014-08-05 19:56:00,14.0,1407268589.67,376.0,577.666666667,27.6583333333,35.85,11.0,
2014-08-05 21:03:00,22.0,1407272610.69,344.461538462,536.0,23.3,45.0769230769,11.0,
2014-08-05 21:04:00,20.0,1407272670.33,344.166666667,536.0,23.2583333333,45.1583333333,11.0,
2014-08-05 21:05:00,20.0,1407272729.92,344.076923077,534.692307692,23.2,45.1538461538,11.0,
2014-08-05 22:07:00,22.0,1407276449.67,343.0,532.666666667,22.7916666667,48.2833333333,11.0,
2014-08-05 22:08:00,21.0,1407276509.46,343.0,531.0,22.7615384615,48.4384615385,11.0,
2014-08-05 22:09:00,21.0,1407276569.08,343.0,529.166666667,22.7,48.6333333333,11.0,
2014-08-05 23:12:00,11.0,1407280348.75,334.0,537.5,21.5,52.1666666667,11.0,
2014-08-05 23:13:00,11.0,1407280408.62,334.0,537.384615385,21.4384615385,51.9769230769,11.0,
2014-08-05 23:14:00,12.0,1407280468.5,333.75,536.583333333,21.4083333333,52.0833333333,11.0,
2014-08-05 23:55:00,21.0,1407282929.0,334.0,533.307692308,21.8846153846,52.6615384615,11.0,
2014-08-05 23:56:00,21.0,1407282988.92,334.0,533.0,21.7583333333,53.2166666667,11.0,
2014-08-05 23:57:00,23.0,1407283048.85,333.846153846,533.0,21.6615384615,53.6923076923,11.0,
2014-08-06 00:16:00,10.0,1407284188.75,329.833333333,532.0,21.0,53.7083333333,11.0,
2014-08-06 00:17:00,9.0,1407284248.54,329.076923077,532.846153846,20.9923076923,53.3692307692,11.0,
2014-08-06 00:18:00,10.0,1407284308.42,328.75,532.833333333,20.9416666667,53.0833333333,11.0,
2014-08-06 01:20:00,11.0,1407288028.31,320.615384615,519.076923077,19.9,55.3153846154,11.0,
2014-08-06 01:21:00,10.0,1407288090.46,320.153846154,518.769230769,19.9,55.5230769231,11.0,
2014-08-06 01:22:00,11.0,1407288150.42,320.0,518.083333333,19.9,55.7333333333,11.0,
2014-08-06 02:23:00,8.0,1407291810.42,321.583333333,521.916666667,19.675,59.025,11.0,
2014-08-06 02:24:00,11.0,1407291870.23,321.769230769,521.923076923,19.6923076923,59.0923076923,11.0,
2014-08-06 02:25:00,9.0,1407291930.0,322.0,522.583333333,19.675,59.125,11.0,
2014-08-06 03:06:00,24.0,1407294390.92,326.916666667,531.5,21.1083333333,53.9916666667,11.0,
2014-08-06 03:07:00,21.0,1407294448.92,326.833333333,530.916666667,21.0916666667,54.075,11.0,
2014-08-06 03:08:00,24.0,1407294508.69,326.923076923,529.384615385,21.0384615385,54.1230769231,11.0,
2014-08-06 04:31:00,13.0,1407299490.91,309.909090909,501.272727273,18.6,57.0454545455,11.0,
2014-08-06 04:32:00,13.0,1407299549.58,310.083333333,500.833333333,18.5916666667,57.2,11.0,
2014-08-06 04:33:00,13.0,1407299609.38,311.0,499.923076923,18.7,57.1230769231,11.0,
2014-08-06 05:35:00,17.0,1407303329.25,305.083333333,493.916666667,18.3083333333,53.525,11.0,
2014-08-06 05:36:00,17.0,1407303389.0,305.076923077,495.230769231,18.4230769231,53.0769230769,11.0,
2014-08-06 05:37:00,17.0,1407303448.83,305.0,496.0,18.5666666667,52.5666666667,11.0,
2014-08-06 06:39:00,7.0,1407307170.58,304.5,493.416666667,17.725,58.175,11.0,
2014-08-06 06:40:00,8.0,1407307230.46,305.769230769,492.0,17.9153846154,58.3692307692,11.0,
2014-08-06 06:41:00,7.0,1407307290.33,307.0,492.916666667,18.1333333333,58.5166666667,11.0,
2014-08-06 07:42:00,32.0,1407310950.0,384.666666667,618.0,28.9083333333,39.925,11.0,
2014-08-06 07:43:00,33.0,1407311009.92,386.0,619.076923077,29.2384615385,39.0230769231,11.0,
2014-08-06 07:44:00,36.0,1407311069.67,387.333333333,620.916666667,29.5416666667,38.275,11.0,
2014-08-06 08:46:00,30.0,1407314790.62,454.692307692,705.230769231,36.9230769231,28.1615384615,11.0,
2014-08-06 08:47:00,33.0,1407314850.42,455.833333333,706.666666667,37.1333333333,27.9916666667,11.0,
2014-08-06 08:48:00,35.0,1407314910.23,456.846153846,707.076923077,37.3076923077,27.5923076923,11.0,
2014-08-06 09:50:00,36.0,1407318628.85,519.538461538,768.0,42.6846153846,20.7769230769,11.0,
2014-08-06 09:51:00,41.0,1407318688.58,520.5,768.0,42.8666666667,20.5166666667,11.0,
2014-08-06 09:52:00,36.0,1407318748.38,521.615384615,768.076923077,42.9692307692,20.4230769231,11.0,
2014-08-06 10:54:00,36.0,1407322469.42,557.916666667,776.916666667,44.5166666667,16.6083333333,11.0,
2014-08-06 10:55:00,31.0,1407322529.38,558.153846154,777.230769231,44.6384615385,16.4846153846,11.0,
2014-08-06 10:56:00,33.0,1407322589.42,559.416666667,777.0,44.6833333333,16.1833333333,11.0,
2014-08-06 11:58:00,33.0,1407326309.25,603.583333333,797.833333333,46.9,14.0583333333,11.0,
2014-08-06 11:59:00,34.0,1407326369.15,604.076923077,799.307692308,46.9,14.2230769231,11.0,
2014-08-06 12:00:00,34.0,1407326428.92,605.5,800.0,46.9,14.2083333333,11.0,
2014-08-06 17:18:00,22.0,1407345508.58,462.083333333,664.166666667,33.0166666667,27.7416666667,12.0,
2014-08-06 17:19:00,23.0,1407345568.62,465.846153846,667.0,33.3230769231,27.8384615385,12.0,
2014-08-06 17:20:00,25.0,1407345628.58,469.333333333,667.083333333,33.625,27.775,12.0,
2014-08-06 18:22:00,33.0,1407349348.75,443.916666667,633.5,33.3583333333,26.2333333333,12.0,
2014-08-06 18:23:00,33.0,1407349408.85,443.0,632.307692308,33.1923076923,26.6307692308,12.0,
2014-08-06 18:24:00,31.0,1407349468.75,441.5,631.166666667,33.0416666667,26.95,12.0,
2014-08-06 19:27:00,31.0,1407353238.12,406.75,592.0,28.9,32.5375,12.0,
2014-08-06 19:28:00,31.0,1407353311.67,407.166666667,593.833333333,28.975,32.9333333333,12.0,
2014-08-06 19:29:00,32.0,1407353369.33,407.916666667,599.0,29.0916666667,33.3833333333,12.0,
2014-08-06 20:31:00,42.0,1407357090.17,385.916666667,578.25,27.2583333333,36.6,12.0,
2014-08-06 20:32:00,48.0,1407357150.0,386.384615385,581.769230769,27.3307692308,36.6538461538,12.0,
2014-08-06 20:33:00,50.0,1407357210.0,386.833333333,583.5,27.4,36.7,12.0,
2014-08-06 21:35:00,12.0,1407360929.62,382.0,580.076923077,26.5846153846,41.1846153846,12.0,
2014-08-06 21:36:00,11.0,1407360989.58,381.916666667,581.666666667,26.675,40.8916666667,12.0,
2014-08-06 21:37:00,12.0,1407361047.67,382.333333333,582.0,26.7,40.7583333333,12.0,
2014-08-06 22:39:00,8.0,1407364768.58,365.916666667,566.166666667,25.1833333333,43.575,12.0,
2014-08-06 22:40:00,8.0,1407364828.54,366.0,567.615384615,25.1923076923,43.2846153846,12.0,
2014-08-06 22:41:00,9.0,1407364888.58,366.0,567.916666667,25.2,43.175,12.0,
2014-08-07 00:47:00,10.0,1407372448.85,345.0,550.0,22.7,47.7,12.0,
2014-08-07 00:48:00,8.0,1407372508.75,345.0,550.0,22.6916666667,47.5166666667,12.0,
2014-08-07 00:49:00,10.0,1407372571.2,344.0,549.1,22.64,47.35,12.0,
2014-08-07 01:29:00,21.0,1407374968.85,334.153846154,522.0,20.7461538462,51.9384615385,12.0,
2014-08-07 01:30:00,22.0,1407375028.75,334.0,523.416666667,20.7916666667,51.8666666667,12.0,
2014-08-07 01:31:00,21.0,1407375088.62,334.0,522.0,20.8076923077,51.8076923077,12.0,
2014-08-07 02:55:00,6.0,1407380130.42,331.916666667,534.416666667,20.9583333333,51.5916666667,12.0,
2014-08-07 02:56:00,4.0,1407380190.38,331.615384615,529.153846154,20.7384615385,52.0692307692,12.0,
2014-08-07 02:57:00,4.0,1407380250.25,330.833333333,525.25,20.5333333333,52.6833333333,12.0,
2014-08-07 03:59:00,8.0,1407383969.83,333.833333333,533.166666667,20.725,55.35,12.0,
2014-08-07 04:00:00,10.0,1407384029.69,333.076923077,531.923076923,20.5538461538,55.8923076923,12.0,
2014-08-07 04:01:00,9.0,1407384089.42,332.0,530.833333333,20.425,56.3916666667,12.0,
2014-08-07 05:02:00,11.0,1407387748.62,331.923076923,525.076923077,20.8692307692,54.3461538462,12.0,
2014-08-07 05:03:00,12.0,1407387810.77,331.769230769,524.0,20.6461538462,55.0076923077,12.0,
2014-08-07 05:04:00,12.0,1407387870.5,331.0,523.416666667,20.4916666667,55.6416666667,12.0,
2014-08-07 05:46:00,13.0,1407390390.25,327.916666667,516.0,20.6,53.625,12.0,
2014-08-07 05:47:00,11.0,1407390450.15,328.0,516.384615385,20.6,53.6,12.0,
2014-08-07 05:48:00,11.0,1407390510.17,327.916666667,517.416666667,20.6083333333,53.5333333333,12.0,
2014-08-07 07:10:00,8.0,1407395430.15,348.0,544.076923077,22.8307692308,54.0692307692,12.0,
2014-08-07 07:11:00,10.0,1407395490.0,347.916666667,543.833333333,22.8,54.0916666667,12.0,
2014-08-07 07:12:00,9.0,1407395549.77,347.923076923,542.923076923,22.8,53.9538461538,12.0,
2014-08-07 08:14:00,13.0,1407399268.62,364.538461538,563.384615385,25.6,46.9846153846,12.0,
2014-08-07 08:15:00,12.0,1407399328.42,365.166666667,563.0,25.6,46.8083333333,12.0,
2014-08-07 08:16:00,12.0,1407399388.31,365.923076923,563.153846154,25.6230769231,46.7,12.0,
2014-08-07 09:18:00,32.0,1407403109.42,461.166666667,703.75,36.2833333333,27.1,12.0,
2014-08-07 09:19:00,33.0,1407403169.31,462.923076923,706.0,36.3846153846,27.1461538462,12.0,
2014-08-07 09:20:00,37.0,1407403229.33,464.25,707.416666667,36.4666666667,26.9583333333,12.0,
2014-08-07 10:22:00,36.0,1407406949.92,473.153846154,697.0,37.4846153846,25.3923076923,12.0,
2014-08-07 10:23:00,41.0,1407407010.17,475.75,699.25,37.5,25.1666666667,12.0,
2014-08-07 10:24:00,40.0,1407407070.15,477.846153846,702.076923077,37.6,25.4,12.0,
2014-08-07 11:26:00,31.0,1407410788.67,507.25,733.083333333,38.8333333333,25.0666666667,12.0,
2014-08-07 11:27:00,33.0,1407410848.85,508.0,732.615384615,39.1076923077,24.8384615385,12.0,
2014-08-07 11:28:00,35.0,1407410908.92,507.166666667,731.166666667,39.2583333333,24.325,12.0,
2014-08-07 12:30:00,37.0,1407414630.5,432.083333333,637.75,33.85,24.5083333333,12.0,
2014-08-07 12:31:00,38.0,1407414688.33,429.833333333,635.666666667,33.6333333333,24.6,12.0,
2014-08-07 12:32:00,38.0,1407414748.38,427.615384615,632.923076923,33.4,24.7461538462,12.0,
2014-08-07 13:34:00,48.0,1407418469.46,375.230769231,588.0,24.6615384615,57.5076923077,12.0,
2014-08-07 13:35:00,43.0,1407418529.58,375.916666667,589.75,24.6916666667,57.8916666667,12.0,
2014-08-07 13:36:00,36.0,1407418589.62,376.0,588.846153846,24.7461538462,57.6230769231,12.0,
2014-08-07 14:38:00,28.0,1407422308.92,479.0,705.0,37.8416666667,26.8583333333,12.0,
2014-08-07 14:39:00,26.0,1407422369.0,480.076923077,706.230769231,37.9538461538,27.0461538462,12.0,
2014-08-07 14:40:00,30.0,1407422429.0,481.333333333,707.833333333,38.0416666667,27.125,12.0,
2014-08-07 15:42:00,32.0,1407426149.42,482.083333333,681.166666667,38.8,20.7,12.0,
2014-08-07 15:43:00,32.0,1407426209.38,480.461538462,680.384615385,38.6307692308,20.9615384615,12.0,
2014-08-07 15:44:00,32.0,1407426269.42,479.416666667,678.916666667,38.45,21.1833333333,12.0,
2014-08-07 16:46:00,33.0,1407429989.75,522.333333333,711.166666667,41.6083333333,18.6166666667,12.0,
2014-08-07 16:47:00,32.0,1407430049.85,521.0,709.769230769,41.5230769231,18.5230769231,12.0,
2014-08-07 16:48:00,32.0,1407430109.75,520.5,708.083333333,41.4416666667,18.5,12.0,
2014-08-07 17:51:00,36.0,1407433889.0,491.083333333,670.833333333,38.1833333333,20.0,13.0,
2014-08-07 17:52:00,37.0,1407433949.0,490.0,669.538461538,38.1,20.0,13.0,
2014-08-07 17:53:00,35.0,1407434009.08,488.666666667,668.333333333,38.0333333333,20.0,13.0,
2014-08-07 18:55:00,32.0,1407437730.42,416.0,602.0,30.8333333333,26.1333333333,13.0,
2014-08-07 18:56:00,34.0,1407437790.62,415.307692308,601.846153846,30.7692307692,26.3461538462,13.0,
2014-08-07 18:57:00,33.0,1407437850.58,414.25,600.583333333,30.6833333333,26.4,13.0,
2014-08-07 19:59:00,33.0,1407441569.92,404.076923077,590.384615385,30.0769230769,26.9923076923,13.0,
2014-08-07 20:00:00,30.0,1407441629.83,404.0,590.0,30.0,27.1583333333,13.0,
2014-08-07 20:01:00,32.0,1407441689.85,403.230769231,589.692307692,29.9307692308,27.2384615385,13.0,
2014-08-07 21:03:00,22.0,1407445408.92,366.0,554.333333333,25.3,39.975,13.0,
2014-08-07 21:04:00,22.0,1407445468.85,366.0,554.0,25.2384615385,40.2076923077,13.0,
2014-08-07 21:05:00,23.0,1407445528.58,365.916666667,554.0,25.175,40.4416666667,13.0,
2014-08-07 22:07:00,24.0,1407449250.58,356.0,545.666666667,23.8416666667,47.1666666667,13.0,
2014-08-07 22:08:00,22.0,1407449310.46,355.846153846,545.0,23.8,47.2615384615,13.0,
2014-08-07 22:09:00,20.0,1407449370.33,355.0,544.833333333,23.8,47.35,13.0,
2014-08-07 23:11:00,20.0,1407453088.62,334.923076923,520.0,21.6,48.9769230769,13.0,
2014-08-07 23:12:00,19.0,1407453148.58,334.583333333,520.083333333,21.5833333333,49.1833333333,13.0,
2014-08-07 23:13:00,18.0,1407453208.62,333.923076923,520.0,21.5153846154,49.2923076923,13.0,
2014-08-07 23:43:00,21.0,1407455009.31,336.538461538,537.538461538,22.8,46.9,13.0,
2014-08-07 23:44:00,24.0,1407455069.42,336.916666667,537.166666667,22.7333333333,46.9,13.0,
2014-08-07 23:45:00,23.0,1407455123.33,336.888888889,537.777777778,22.7222222222,46.9444444444,13.0,
2014-08-08 00:15:00,14.0,1407456929.33,325.916666667,511.916666667,20.1916666667,53.0333333333,13.0,
2014-08-08 00:16:00,13.0,1407456989.08,326.0,511.846153846,20.1384615385,53.1,13.0,
2014-08-08 00:17:00,15.0,1407457048.0,326.0,511.0,20.1090909091,53.1909090909,13.0,
2014-08-08 01:19:00,10.0,1407460770.69,319.923076923,508.923076923,19.2461538462,54.9538461538,13.0,
2014-08-08 01:20:00,12.0,1407460833.2,319.9,508.0,19.2,54.79,13.0,
2014-08-08 01:21:00,12.0,1407460889.15,319.923076923,508.0,19.2230769231,54.5923076923,13.0,
2014-08-08 02:23:00,2.0,1407464608.92,311.923076923,501.769230769,18.3,54.5923076923,13.0,
2014-08-08 02:24:00,3.0,1407464668.83,312.0,501.666666667,18.4,54.4083333333,13.0,
2014-08-08 02:25:00,2.0,1407464728.77,311.923076923,502.076923077,18.5461538462,53.9153846154,13.0,
2014-08-08 03:27:00,9.0,1407468449.0,311.0,496.538461538,17.9153846154,58.6769230769,13.0,
2014-08-08 03:28:00,9.0,1407468508.92,311.583333333,497.0,18.1166666667,58.125,13.0,
2014-08-08 03:29:00,8.0,1407468568.85,311.923076923,497.384615385,18.2923076923,57.5923076923,13.0,
2014-08-08 04:31:00,7.0,1407472289.85,305.923076923,488.615384615,17.9615384615,53.8230769231,13.0,
2014-08-08 04:32:00,9.0,1407472349.75,306.0,489.416666667,18.1083333333,53.4,13.0,
2014-08-08 04:33:00,9.0,1407472409.62,306.0,490.076923077,18.2230769231,53.0538461538,13.0,
2014-08-08 05:35:00,8.0,1407476130.38,302.0,483.0,17.5923076923,54.1923076923,13.0,
2014-08-08 05:36:00,7.0,1407476190.25,302.0,483.166666667,17.7,54.1666666667,13.0,
2014-08-08 05:37:00,9.0,1407476250.08,302.769230769,484.0,17.7769230769,54.0384615385,13.0,
2014-08-08 06:39:00,6.0,1407479968.33,298.75,484.166666667,17.0666666667,54.8833333333,13.0,
2014-08-08 06:40:00,5.0,1407480028.15,299.538461538,486.0,17.1307692308,55.0846153846,13.0,
2014-08-08 06:41:00,5.0,1407480090.38,300.307692308,487.692307692,17.2384615385,55.3230769231,13.0,
2014-08-08 07:43:00,18.0,1407483810.08,370.692307692,584.230769231,27.2846153846,41.4384615385,13.0,
2014-08-08 07:44:00,20.0,1407483869.83,371.583333333,586.666666667,27.5166666667,40.6333333333,13.0,
2014-08-08 07:45:00,17.0,1407483929.69,373.461538462,589.307692308,27.7153846154,40.1538461538,13.0,
2014-08-08 08:46:00,22.0,1407487590.08,425.166666667,649.0,34.05,25.1583333333,13.0,
2014-08-08 08:47:00,24.0,1407487649.92,427.0,650.846153846,34.2615384615,24.8153846154,13.0,
2014-08-08 08:48:00,34.0,1407487709.58,428.583333333,652.916666667,34.4583333333,24.6583333333,13.0,
2014-08-08 09:50:00,30.0,1407491430.08,468.75,688.333333333,38.8,21.3583333333,13.0,
2014-08-08 09:51:00,34.0,1407491490.0,468.0,687.0,38.7461538462,21.3,13.0,
2014-08-08 09:52:00,39.0,1407491549.67,468.0,686.666666667,38.7,21.375,13.0,
2014-08-08 10:54:00,37.0,1407495270.08,530.538461538,757.230769231,42.6692307692,19.0076923077,13.0,
2014-08-08 10:55:00,38.0,1407495330.17,531.833333333,759.5,42.7333333333,19.1833333333,13.0,
2014-08-08 10:56:00,39.0,1407495390.23,533.0,760.538461538,42.8615384615,19.1923076923,13.0,
2014-08-08 11:58:00,34.0,1407499108.83,570.25,777.666666667,44.7,16.6416666667,13.0,
2014-08-08 11:59:00,36.0,1407499169.08,571.076923077,779.0,44.7615384615,16.7692307692,13.0,
2014-08-08 12:00:00,38.0,1407499229.25,572.083333333,780.0,44.8,16.725,13.0,
2014-08-08 12:01:00,38.0,1407499289.08,572.769230769,780.0,44.8076923077,16.7,13.0,
2014-08-08 19:39:00,24.0,1407526769.15,423.846153846,609.0,31.3076923077,24.0615384615,14.0,
2014-08-08 19:40:00,27.0,1407526839.0,424.714285714,608.857142857,31.3,24.2,14.0,
2014-08-08 19:41:00,25.0,1407526890.46,424.923076923,611.538461538,31.3,24.4307692308,14.0,
2014-08-08 20:43:00,9.0,1407530610.31,382.0,567.384615385,27.2230769231,29.3230769231,14.0,
2014-08-08 20:44:00,9.0,1407530670.25,380.916666667,569.583333333,27.2833333333,29.325,14.0,
2014-08-08 20:45:00,9.0,1407530730.08,381.0,571.461538462,27.2923076923,29.3,14.0,
2014-08-08 21:46:00,15.0,1407534389.75,361.166666667,551.25,24.3083333333,37.2916666667,14.0,
2014-08-08 21:47:00,14.0,1407534449.85,361.076923077,554.692307692,24.3615384615,37.1,14.0,
2014-08-08 21:48:00,11.0,1407534509.75,361.333333333,556.5,24.4,37.0,14.0,
2014-08-08 22:50:00,12.0,1407538229.25,354.416666667,546.75,23.175,41.6916666667,14.0,
2014-08-08 22:51:00,14.0,1407538289.15,355.0,548.769230769,23.2,41.4153846154,14.0,
2014-08-08 22:52:00,11.0,1407538349.25,355.0,550.416666667,23.2583333333,41.2166666667,14.0,
2014-08-09 00:59:00,21.0,1407545970.5,343.916666667,531.0,22.3,44.4,14.0,
2014-08-09 01:00:00,20.0,1407546030.31,343.923076923,531.0,22.3,44.4,14.0,
2014-08-09 01:01:00,21.0,1407546086.44,343.888888889,530.666666667,22.3,44.4111111111,14.0,
2014-08-09 02:03:00,28.0,1407549809.42,334.916666667,522.666666667,21.5166666667,44.2416666667,14.0,
2014-08-09 02:04:00,28.0,1407549874.0,335.111111111,521.777777778,21.5,44.2222222222,14.0,
2014-08-09 02:05:00,27.0,1407549928.38,335.0,518.153846154,21.3769230769,44.4076923077,14.0,
2014-08-09 03:07:00,26.0,1407553649.15,332.0,517.923076923,21.1615384615,44.9384615385,14.0,
2014-08-09 03:08:00,28.0,1407553709.0,331.083333333,512.333333333,20.9833333333,45.1416666667,14.0,
2014-08-09 03:09:00,25.0,1407553768.92,330.230769231,506.846153846,20.7615384615,45.6615384615,14.0,
2014-08-09 04:11:00,23.0,1407557489.92,325.153846154,501.923076923,20.1538461538,46.7076923077,14.0,
2014-08-09 04:12:00,22.0,1407557549.83,324.75,499.333333333,19.925,47.25,14.0,
2014-08-09 04:13:00,23.0,1407557609.92,324.0,498.923076923,19.7538461538,47.7692307692,14.0,
2014-08-09 05:15:00,14.0,1407561329.25,312.0,487.083333333,18.2416666667,48.5416666667,14.0,
2014-08-09 05:16:00,11.0,1407561389.15,312.0,486.307692308,18.0692307692,49.2769230769,14.0,
2014-08-09 05:17:00,11.0,1407561449.25,311.916666667,486.0,17.925,49.8583333333,14.0,
2014-08-09 06:20:00,18.0,1407565229.58,312.916666667,489.083333333,17.8083333333,52.7083333333,14.0,
2014-08-09 06:21:00,21.0,1407565289.62,312.384615385,488.769230769,17.7153846154,53.0923076923,14.0,
2014-08-09 06:22:00,18.0,1407565349.5,312.0,488.0,17.6333333333,53.3583333333,14.0,
2014-08-09 07:24:00,22.0,1407569070.42,343.0,529.0,22.7416666667,43.1,14.0,
2014-08-09 07:25:00,20.0,1407569130.31,343.0,528.384615385,22.7,43.0,14.0,
2014-08-09 07:26:00,21.0,1407569190.33,343.0,527.5,22.7,42.7833333333,14.0,
2014-08-09 08:28:00,26.0,1407572908.23,410.923076923,627.0,31.5076923077,28.7076923077,14.0,
2014-08-09 08:29:00,27.0,1407572970.62,411.0,627.0,31.5846153846,28.2,14.0,
2014-08-09 08:30:00,26.0,1407573030.75,411.916666667,627.5,31.65,27.8666666667,14.0,
2014-08-09 09:32:00,46.0,1407576749.85,499.923076923,734.0,40.6230769231,18.5307692308,14.0,
2014-08-09 09:33:00,45.0,1407576810.0,500.333333333,732.5,40.7,18.0416666667,14.0,
2014-08-09 09:34:00,40.0,1407576870.0,502.153846154,735.461538462,40.7538461538,18.0230769231,14.0,
2014-08-09 10:36:00,34.0,1407580589.08,523.307692308,726.230769231,42.4692307692,14.3615384615,14.0,
2014-08-09 10:37:00,38.0,1407580649.33,520.833333333,723.833333333,42.1833333333,14.7833333333,14.0,
2014-08-09 10:38:00,37.0,1407580709.62,518.538461538,722.076923077,41.9153846154,15.0,14.0,
2014-08-09 11:41:00,54.0,1407584488.67,639.75,827.0,48.475,12.4333333333,14.0,
2014-08-09 11:42:00,49.0,1407584548.92,640.615384615,827.230769231,48.5538461538,12.3846153846,14.0,
2014-08-09 11:43:00,48.0,1407584609.17,641.083333333,828.0,48.6166666667,12.3,14.0,
2014-08-09 15:58:00,47.0,1407599909.08,504.916666667,675.583333333,36.675,18.175,14.0,
2014-08-09 15:59:00,46.0,1407599969.15,503.846153846,675.076923077,36.5692307692,18.3846153846,14.0,
2014-08-09 16:00:00,45.0,1407600029.25,502.5,673.583333333,36.4583333333,18.475,14.0,
2014-08-09 17:02:00,30.0,1407603748.54,385.0,583.0,24.3461538462,39.9230769231,15.0,
2014-08-09 17:03:00,31.0,1407603808.42,384.0,581.916666667,24.2333333333,39.6916666667,15.0,
2014-08-09 17:04:00,29.0,1407603868.54,383.846153846,580.153846154,24.1846153846,39.8230769231,15.0,
2014-08-09 18:06:00,32.0,1407607590.38,414.538461538,603.230769231,28.1,36.7384615385,15.0,
2014-08-09 18:07:00,30.0,1407607650.42,415.083333333,604.166666667,28.1166666667,36.8,15.0,
2014-08-09 18:08:00,30.0,1407607710.46,415.923076923,606.076923077,28.1769230769,36.9,15.0,
2014-08-09 19:10:00,32.0,1407611429.92,415.083333333,603.916666667,29.6,29.9083333333,15.0,
2014-08-09 19:11:00,33.0,1407611490.15,414.923076923,603.461538462,29.5846153846,29.9307692308,15.0,
2014-08-09 19:12:00,34.0,1407611550.5,414.75,604.0,29.5,30.175,15.0,
2014-08-09 19:13:00,34.0,1407611608.33,414.5,604.0,29.4666666667,30.5333333333,15.0,
2014-08-09 20:15:00,11.0,1407615328.38,378.0,576.153846154,25.3384615385,42.1461538462,15.0,
2014-08-09 20:16:00,14.0,1407615388.67,377.666666667,576.0,25.2666666667,42.4666666667,15.0,
2014-08-09 20:17:00,13.0,1407615448.85,377.846153846,576.0,25.2076923077,42.8769230769,15.0,
2014-08-09 21:19:00,37.0,1407619169.67,366.5,562.666666667,23.6166666667,48.4166666667,15.0,
2014-08-09 21:20:00,38.0,1407619229.92,366.0,561.769230769,23.6,48.4076923077,15.0,
2014-08-09 21:21:00,32.0,1407619290.17,366.0,561.166666667,23.6,48.4,15.0,
2014-08-09 22:23:00,10.0,1407623008.83,346.833333333,538.916666667,21.7833333333,47.4,15.0,
2014-08-09 22:24:00,12.0,1407623069.0,346.461538462,539.0,21.7384615385,47.4923076923,15.0,
2014-08-09 22:25:00,15.0,1407623129.25,346.0,539.0,21.6916666667,47.5666666667,15.0,
2014-08-09 23:55:00,30.0,1407628528.69,339.615384615,531.538461538,21.8,47.3230769231,15.0,
2014-08-09 23:56:00,30.0,1407628588.83,340.0,533.0,21.8,47.1583333333,15.0,
2014-08-09 23:57:00,30.0,1407628649.08,340.0,534.692307692,21.8076923077,46.9846153846,15.0,
2014-08-10 00:32:00,21.0,1407630749.15,332.0,512.0,20.1,49.8153846154,15.0,
2014-08-10 00:33:00,19.0,1407630813.36,331.909090909,512.0,20.1,49.8818181818,15.0,
2014-08-10 00:34:00,20.0,1407630870.33,332.0,512.0,20.0916666667,49.975,15.0,
2014-08-10 01:36:00,22.0,1407634591.91,337.909090909,529.727272727,20.5818181818,53.2909090909,15.0,
2014-08-10 01:37:00,22.0,1407634649.77,338.615384615,530.615384615,20.6461538462,53.2615384615,15.0,
2014-08-10 01:38:00,21.0,1407634710.0,338.833333333,531.0,20.7833333333,52.95,15.0,
2014-08-10 02:41:00,23.0,1407638489.62,339.0,531.0,21.6692307692,47.0846153846,15.0,
2014-08-10 02:42:00,21.0,1407638549.83,339.166666667,531.916666667,21.8666666667,46.5,15.0,
2014-08-10 02:43:00,23.0,1407638610.15,339.846153846,532.538461538,22.0384615385,45.9461538462,15.0,
2014-08-10 03:45:00,18.0,1407642329.15,328.307692308,519.384615385,20.8846153846,47.2692307692,15.0,
2014-08-10 03:46:00,17.0,1407642389.5,328.166666667,520.0,21.025,46.7833333333,15.0,
2014-08-10 03:47:00,16.0,1407642449.77,328.461538462,520.0,21.1384615385,46.3923076923,15.0,
2014-08-10 04:49:00,9.0,1407646169.77,328.0,524.0,20.6615384615,49.8384615385,15.0,
2014-08-10 04:50:00,6.0,1407646229.92,328.0,524.0,20.7916666667,49.3833333333,15.0,
2014-08-10 04:51:00,9.0,1407646290.15,328.0,524.0,20.9461538462,49.0846153846,15.0,
2014-08-10 05:54:00,13.0,1407650068.69,317.461538462,505.153846154,19.6769230769,49.4461538462,15.0,
2014-08-10 05:55:00,13.0,1407650128.83,317.75,506.666666667,19.7416666667,49.225,15.0,
2014-08-10 05:56:00,11.0,1407650189.0,317.769230769,507.692307692,19.8,49.0769230769,15.0,
2014-08-10 06:58:00,20.0,1407653910.0,338.846153846,528.076923077,21.6615384615,51.5923076923,15.0,
2014-08-10 06:59:00,19.0,1407653970.25,339.916666667,530.083333333,21.85,51.25,15.0,
2014-08-10 07:00:00,21.0,1407654030.23,341.076923077,531.769230769,22.0538461538,50.9230769231,15.0,
2014-08-10 08:02:00,41.0,1407657750.15,389.307692308,605.461538462,29.5230769231,33.2769230769,15.0,
2014-08-10 08:03:00,33.0,1407657810.25,390.25,607.5,29.6666666667,33.0083333333,15.0,
2014-08-10 08:04:00,30.0,1407657870.15,390.923076923,608.538461538,29.8153846154,32.5846153846,15.0,
2014-08-10 09:06:00,51.0,1407661590.42,444.416666667,674.833333333,36.2833333333,24.325,15.0,
2014-08-10 09:07:00,52.0,1407661650.31,445.230769231,675.615384615,36.3692307692,24.2076923077,15.0,
2014-08-10 09:08:00,52.0,1407661710.33,446.583333333,678.0,36.4833333333,24.2083333333,15.0,
2014-08-10 10:10:00,51.0,1407665429.15,496.384615385,721.769230769,40.1769230769,20.8692307692,15.0,
2014-08-10 10:11:00,58.0,1407665489.5,497.5,723.0,40.2916666667,20.8416666667,15.0,
2014-08-10 10:12:00,55.0,1407665549.92,498.461538462,723.0,40.3923076923,20.4153846154,15.0,
2014-08-10 11:15:00,39.0,1407669329.23,532.846153846,739.538461538,42.1,18.0461538462,15.0,
2014-08-10 11:16:00,40.0,1407669389.67,533.0,740.083333333,42.05,18.2083333333,15.0,
2014-08-10 11:17:00,35.0,1407669450.15,532.615384615,740.153846154,42.0,18.3,15.0,
2014-08-10 12:19:00,37.0,1407673168.92,591.666666667,780.083333333,44.35,17.1333333333,15.0,
2014-08-10 12:20:00,43.0,1407673229.38,592.153846154,780.076923077,44.4692307692,17.0692307692,15.0,
2014-08-10 12:21:00,51.0,1407673289.83,592.75,781.166666667,44.5083333333,17.15,15.0,
2014-08-10 13:24:00,51.0,1407677070.17,610.916666667,778.916666667,43.9,17.35,15.0,
2014-08-10 13:25:00,50.0,1407677128.17,611.5,780.0,43.9833333333,17.7166666667,15.0,
2014-08-10 13:26:00,52.0,1407677188.62,611.307692308,780.0,44.0,17.5923076923,15.0,
2014-08-10 14:28:00,66.0,1407680909.08,515.333333333,690.916666667,38.025,19.725,15.0,
2014-08-10 14:29:00,71.0,1407680969.54,514.230769231,689.307692308,37.9230769231,19.6538461538,15.0,
2014-08-10 14:30:00,73.0,1407681030.0,513.583333333,689.0,37.8416666667,19.8083333333,15.0,
2014-08-10 15:33:00,77.0,1407684809.83,480.666666667,658.75,35.475,22.2916666667,15.0,
2014-08-10 15:34:00,73.0,1407684865.45,480.636363636,659.0,35.4909090909,22.4,15.0,
2014-08-10 15:35:00,73.0,1407684939.33,482.333333333,659.444444444,35.4555555556,22.3555555556,15.0,
2014-08-10 16:37:00,40.0,1407688644.27,483.363636364,656.272727273,35.5727272727,22.2636363636,15.0,
2014-08-10 16:38:00,39.0,1407688718.22,485.444444444,657.444444444,35.5333333333,22.2444444444,15.0,
2014-08-10 16:39:00,39.0,1407688768.83,486.5,662.25,35.5583333333,22.7333333333,15.0,
2014-08-10 17:42:00,41.0,1407692549.69,504.615384615,677.615384615,36.3538461538,23.0846153846,16.0,
2014-08-10 17:43:00,45.0,1407692610.0,508.916666667,685.666666667,36.5,24.0,16.0,
2014-08-10 17:44:00,41.0,1407692670.31,512.769230769,691.615384615,36.7,24.6615384615,16.0,
2014-08-10 18:46:00,48.0,1407696388.92,479.083333333,650.416666667,35.75,21.9833333333,16.0,
2014-08-10 18:47:00,50.0,1407696449.23,478.0,651.692307692,35.6307692308,22.5,16.0,
2014-08-10 18:48:00,43.0,1407696509.67,477.5,651.583333333,35.5583333333,22.8333333333,16.0,
2014-08-10 19:51:00,12.0,1407700290.0,411.307692308,600.923076923,30.5076923077,26.4076923077,16.0,
2014-08-10 19:52:00,13.0,1407700350.42,410.583333333,600.0,30.4166666667,26.5333333333,16.0,
2014-08-10 19:53:00,14.0,1407700408.42,409.333333333,600.0,30.3,26.6833333333,16.0,
2014-08-10 20:55:00,18.0,1407704128.08,366.0,559.833333333,25.4,33.4083333333,16.0,
2014-08-10 20:56:00,20.0,1407704188.62,366.0,560.0,25.3692307692,33.5,16.0,
2014-08-10 20:57:00,21.0,1407704249.0,365.833333333,560.0,25.3083333333,33.55,16.0,
2014-08-10 22:00:00,26.0,1407708030.23,358.0,550.923076923,24.0,39.0,16.0,
2014-08-10 22:01:00,25.0,1407708085.11,358.666666667,551.0,24.0333333333,39.0111111111,16.0,
2014-08-10 22:02:00,27.0,1407708149.92,358.0,550.583333333,24.0,39.0083333333,16.0,
2014-08-10 23:05:00,22.0,1407711928.58,349.333333333,537.083333333,23.3333333333,40.2916666667,16.0,
2014-08-10 23:06:00,22.0,1407711988.85,348.615384615,535.615384615,23.1538461538,40.6615384615,16.0,
2014-08-10 23:07:00,22.0,1407712049.08,348.0,532.666666667,22.95,41.225,16.0,
2014-08-10 23:28:00,30.0,1407713309.92,340.333333333,523.916666667,21.3,46.675,16.0,
2014-08-10 23:29:00,31.0,1407713370.38,339.923076923,522.615384615,21.2692307692,46.7846153846,16.0,
2014-08-10 23:30:00,32.0,1407713430.83,340.0,522.0,21.2083333333,46.875,16.0,
2014-08-11 00:09:00,22.0,1407715768.75,341.333333333,536.666666667,22.3166666667,43.7916666667,16.0,
2014-08-11 00:10:00,21.0,1407715828.85,340.692307692,534.615384615,22.1461538462,44.1538461538,16.0,
2014-08-11 00:11:00,21.0,1407715889.0,339.916666667,533.333333333,21.95,44.5833333333,16.0,
2014-08-11 01:13:00,35.0,1407719609.38,334.153846154,524.461538462,21.4538461538,45.6769230769,16.0,
2014-08-11 01:14:00,35.0,1407719669.58,334.0,523.666666667,21.2666666667,46.275,16.0,
2014-08-11 01:15:00,40.0,1407719729.77,334.0,522.923076923,21.1307692308,46.9615384615,16.0,
2014-08-11 02:18:00,12.0,1407723508.25,320.0,504.0,19.6083333333,46.7583333333,16.0,
2014-08-11 02:19:00,10.0,1407723568.46,319.076923077,504.0,19.4461538462,47.3230769231,16.0,
2014-08-11 02:20:00,11.0,1407723628.58,319.0,503.916666667,19.3583333333,47.8833333333,16.0,
2014-08-11 03:22:00,7.0,1407727350.15,315.0,500.0,18.6769230769,49.6769230769,16.0,
2014-08-11 03:23:00,8.0,1407727410.42,315.0,499.75,18.6,49.9166666667,16.0,
2014-08-11 03:24:00,8.0,1407727470.54,314.769230769,499.076923077,18.5076923077,50.0923076923,16.0,
2014-08-11 04:26:00,9.0,1407731189.69,308.0,490.923076923,17.6,51.4,16.0,
2014-08-11 04:27:00,14.0,1407731249.75,308.0,490.416666667,17.5166666667,51.8583333333,16.0,
2014-08-11 04:28:00,8.0,1407731310.0,307.769230769,490.0,17.5,52.2076923077,16.0,
2014-08-11 05:31:00,12.0,1407735090.67,303.5,488.333333333,17.1916666667,50.0833333333,16.0,
2014-08-11 05:32:00,12.0,1407735148.5,303.0,487.166666667,17.125,50.225,16.0,
2014-08-11 05:33:00,12.0,1407735208.92,302.769230769,487.0,17.0846153846,50.3769230769,16.0,
2014-08-11 06:35:00,7.0,1407738930.0,304.0,486.461538462,17.0,52.9153846154,16.0,
2014-08-11 06:36:00,8.0,1407738990.33,304.25,487.083333333,17.0,53.075,16.0,
2014-08-11 06:37:00,8.0,1407739048.17,304.833333333,488.166666667,17.0,53.2916666667,16.0,
2014-08-11 07:39:00,20.0,1407742768.33,358.25,558.0,24.125,47.9916666667,16.0,
2014-08-11 07:40:00,20.0,1407742828.62,359.0,558.769230769,24.2,47.8,16.0,
2014-08-11 07:41:00,21.0,1407742888.83,359.5,560.333333333,24.3083333333,47.7583333333,16.0,
2014-08-11 08:44:00,21.0,1407746670.17,416.166666667,633.25,32.7,25.9,16.0,
2014-08-11 08:45:00,28.0,1407746730.31,417.615384615,635.692307692,32.7923076923,26.0692307692,16.0,
2014-08-11 08:46:00,36.0,1407746790.67,418.5,636.0,32.8416666667,26.0083333333,16.0,
2014-08-11 09:48:00,20.0,1407750509.67,477.25,702.833333333,38.9916666667,19.8416666667,16.0,
2014-08-11 09:49:00,22.0,1407750569.85,477.307692308,702.846153846,38.9538461538,19.7615384615,16.0,
2014-08-11 09:50:00,23.0,1407750630.0,478.5,703.5,38.9,19.675,16.0,
2014-08-11 10:52:00,37.0,1407754349.75,529.083333333,747.666666667,42.0,17.825,16.0,
2014-08-11 10:53:00,38.0,1407754410.23,530.230769231,748.0,42.0384615385,17.9,16.0,
2014-08-11 10:54:00,37.0,1407754470.5,531.0,748.75,42.075,17.9083333333,16.0,
2014-08-11 11:57:00,37.0,1407758250.5,562.083333333,750.25,42.1416666667,15.8,16.0,
2014-08-11 11:58:00,36.0,1407758308.33,562.916666667,751.25,42.1666666667,15.8,16.0,
2014-08-11 11:59:00,36.0,1407758368.77,563.230769231,750.307692308,42.2,15.6461538462,16.0,
2014-08-11 13:02:00,44.0,1407762149.08,600.307692308,759.538461538,42.9538461538,13.7615384615,16.0,
2014-08-11 13:03:00,42.0,1407762209.33,599.916666667,758.25,42.8416666667,13.7,16.0,
2014-08-11 13:04:00,38.0,1407762269.54,600.0,758.0,42.7307692308,13.7461538462,16.0,
2014-08-11 14:07:00,45.0,1407766049.85,623.538461538,771.923076923,43.1,13.4,16.0,
2014-08-11 14:08:00,52.0,1407766110.17,623.666666667,774.083333333,43.1,13.5,16.0,
2014-08-11 14:09:00,54.0,1407766170.46,624.615384615,774.230769231,43.1,13.3615384615,16.0,
2014-08-11 15:12:00,52.0,1407769949.0,627.833333333,779.333333333,45.3333333333,11.2,16.0,
2014-08-11 15:13:00,47.0,1407770009.38,627.538461538,780.0,45.3153846154,11.2692307692,16.0,
2014-08-11 15:14:00,52.0,1407770070.0,627.0,779.25,45.3,11.325,16.0,
2014-08-11 16:16:00,48.0,1407773788.17,624.083333333,774.916666667,44.8,10.2333333333,16.0,
2014-08-11 16:17:00,49.0,1407773848.54,624.0,776.230769231,44.8,10.4461538462,16.0,
2014-08-11 16:18:00,45.0,1407773908.92,624.0,776.166666667,44.7916666667,10.55,16.0,
2014-08-11 17:21:00,46.0,1407777690.38,624.692307692,774.692307692,44.1,10.9769230769,17.0,
2014-08-11 17:22:00,50.0,1407777750.83,624.833333333,773.333333333,44.1,10.8916666667,17.0,
2014-08-11 17:23:00,54.0,1407777808.83,625.25,772.0,44.1,10.6416666667,17.0,
2014-08-11 18:26:00,58.0,1407781590.38,563.769230769,713.846153846,40.5615384615,12.8538461538,17.0,
2014-08-11 18:27:00,61.0,1407781650.83,561.0,713.75,40.4,13.3583333333,17.0,
2014-08-11 18:28:00,57.0,1407781708.75,559.333333333,712.25,40.25,13.7166666667,17.0,
2014-08-11 19:30:00,31.0,1407785429.83,456.0,627.166666667,32.95,19.2833333333,17.0,
2014-08-11 19:31:00,27.0,1407785490.23,455.230769231,627.0,32.8769230769,19.3153846154,17.0,
2014-08-11 19:32:00,22.0,1407785553.6,454.5,627.1,32.76,19.58,17.0,
2014-08-11 20:35:00,11.0,1407789333.91,389.909090909,569.0,26.5636363636,26.4363636364,17.0,
2014-08-11 20:36:00,12.0,1407789390.33,389.0,569.25,26.5166666667,26.5416666667,17.0,
2014-08-11 20:37:00,12.0,1407789448.5,388.25,570.916666667,26.5916666667,26.5333333333,17.0,
2014-08-11 21:39:00,28.0,1407793169.31,364.923076923,547.0,23.0153846154,34.9923076923,17.0,
2014-08-11 21:40:00,28.0,1407793229.83,365.0,547.833333333,23.1416666667,34.9416666667,17.0,
2014-08-11 21:41:00,27.0,1407793290.31,364.384615385,548.0,23.3307692308,34.6846153846,17.0,
2014-08-11 22:44:00,23.0,1407797068.75,353.916666667,525.833333333,22.6666666667,32.9333333333,17.0,
2014-08-11 22:45:00,24.0,1407797129.23,354.0,525.769230769,22.8384615385,32.4846153846,17.0,
2014-08-11 22:46:00,22.0,1407797189.67,354.583333333,526.333333333,22.9666666667,32.1083333333,17.0,
2014-08-12 00:53:00,19.0,1407804809.54,331.923076923,505.769230769,20.4923076923,37.4923076923,17.0,
2014-08-12 00:54:00,21.0,1407804869.75,332.083333333,506.833333333,20.6,37.3416666667,17.0,
2014-08-12 00:55:00,19.0,1407804930.08,332.846153846,507.230769231,20.6769230769,37.2769230769,17.0,
2014-08-12 01:58:00,16.0,1407808708.75,326.833333333,502.416666667,19.9083333333,38.7,17.0,
2014-08-12 01:59:00,19.0,1407808769.0,326.692307692,502.0,19.9846153846,38.4769230769,17.0,
2014-08-12 02:00:00,20.0,1407808829.25,326.916666667,502.0,20.05,38.4,17.0,
2014-08-12 03:02:00,18.0,1407812550.15,319.846153846,498.076923077,19.0153846154,41.0846153846,17.0,
2014-08-12 03:03:00,18.0,1407812610.33,320.0,499.666666667,19.1,41.025,17.0,
2014-08-12 03:04:00,20.0,1407812670.38,319.923076923,499.923076923,19.1153846154,40.8615384615,17.0,
2014-08-12 04:07:00,13.0,1407816449.42,312.916666667,493.583333333,17.9166666667,43.9583333333,17.0,
2014-08-12 04:08:00,14.0,1407816509.38,313.0,494.461538462,17.9923076923,43.8153846154,17.0,
2014-08-12 04:09:00,16.0,1407816569.5,313.0,495.916666667,18.0,43.625,17.0,
2014-08-12 05:11:00,11.0,1407820290.5,312.0,488.0,17.9583333333,44.6,17.0,
2014-08-12 05:12:00,12.0,1407820348.42,312.0,488.333333333,17.9916666667,44.35,17.0,
2014-08-12 05:13:00,10.0,1407820408.77,312.0,489.0,18.0,44.1230769231,17.0,
2014-08-12 06:16:00,10.0,1407824189.0,307.0,481.666666667,17.3,46.2,17.0,
2014-08-12 06:17:00,10.0,1407824249.38,307.307692308,480.692307692,17.3230769231,46.2,17.0,
2014-08-12 06:18:00,9.0,1407824309.67,307.916666667,479.75,17.3583333333,46.2083333333,17.0,
2014-08-12 07:20:00,15.0,1407828029.17,349.583333333,537.0,22.4833333333,44.1666666667,17.0,
2014-08-12 07:21:00,19.0,1407828089.46,350.615384615,537.615384615,22.6615384615,43.8230769231,17.0,
2014-08-12 07:22:00,18.0,1407828149.67,352.0,539.0,22.825,43.5916666667,17.0,
2014-08-12 08:24:00,33.0,1407831869.92,416.769230769,642.692307692,32.0230769231,28.1461538462,17.0,
2014-08-12 08:25:00,36.0,1407831930.33,418.416666667,644.166666667,32.1666666667,27.975,17.0,
2014-08-12 08:26:00,40.0,1407831988.17,419.416666667,646.333333333,32.3333333333,27.7416666667,17.0,
2014-08-12 09:28:00,39.0,1407835709.08,481.153846154,712.923076923,39.1153846154,20.6461538462,17.0,
2014-08-12 09:29:00,30.0,1407835769.42,482.75,714.333333333,39.2166666667,20.5333333333,17.0,
2014-08-12 09:30:00,31.0,1407835829.77,483.692307692,715.692307692,39.2923076923,20.2307692308,17.0,
2014-08-12 23:49:00,27.0,1407887369.17,355.0,558.916666667,24.275,31.875,18.0,
2014-08-12 23:50:00,22.0,1407887421.67,355.0,558.666666667,24.3,31.9,18.0,
2014-08-12 23:51:00,20.0,1407887489.08,355.0,557.692307692,24.2,31.8846153846,18.0,
