,RhIN,TempIN,no2,o3
2014-07-25 15:11:00,16.7,46.6,844.0,559.0
2014-07-25 15:12:00,16.8,46.8,846.0,560.0
2014-07-25 15:13:00,17.2,46.85,847.0,561.0
2014-07-25 15:14:00,17.3,47.0,848.0,563.0
2014-07-25 16:13:00,17.1,40.9,755.0,474.0
2014-07-25 16:14:00,17.4,40.7,755.0,473.0
2014-07-25 16:15:00,17.6,40.65,753.0,472.0
2014-07-25 16:16:00,17.8,40.6,752.0,472.0
2014-07-25 17:16:00,22.45,40.0,757.5,476.0
2014-07-25 17:17:00,22.4,40.0,757.0,476.0
2014-07-25 17:18:00,22.3,40.1,758.0,476.0
2014-07-25 17:19:00,22.4,40.2,759.0,477.0
2014-07-25 18:18:00,22.7,37.0,694.0,435.0
2014-07-25 18:19:00,22.9,37.0,694.0,435.0
2014-07-25 18:20:00,22.6,36.9,692.5,433.5
2014-07-25 18:21:00,22.4,36.9,691.0,433.0
2014-07-25 19:21:00,27.3,33.4,657.0,400.0
2014-07-25 19:22:00,27.35,33.4,657.0,400.0
2014-07-25 19:23:00,27.2,33.4,657.0,399.0
2014-07-25 19:24:00,27.2,33.3,656.0,399.0
2014-07-25 20:23:00,29.6,30.9,632.0,378.0
2014-07-25 20:24:00,29.7,30.9,633.0,378.0
2014-07-25 20:25:00,29.9,30.9,633.0,379.0
2014-07-25 20:26:00,30.0,30.9,634.0,379.0
2014-07-25 21:25:00,30.9,28.8,601.0,358.0
2014-07-25 21:26:00,30.9,28.8,601.0,358.0
2014-07-25 21:27:00,30.8,28.8,601.0,358.0
2014-07-25 21:28:00,30.9,28.8,601.0,358.0
2014-07-25 22:28:00,33.8,27.7,588.0,350.0
2014-07-25 22:29:00,33.7,27.7,590.0,350.0
2014-07-25 22:30:00,33.7,27.7,590.0,350.0
2014-07-25 22:31:00,33.7,27.8,590.0,350.0
2014-07-25 23:30:00,35.6,26.7,576.0,342.0
2014-07-25 23:31:00,35.5,26.7,576.0,342.0
2014-07-25 23:32:00,35.45,26.7,577.0,343.0
2014-07-25 23:33:00,35.4,26.7,577.0,343.0
2014-07-26 00:33:00,34.5,25.9,566.0,334.0
2014-07-26 00:34:00,34.7,26.0,567.0,334.0
2014-07-26 00:35:00,34.7,26.0,568.0,334.0
2014-07-26 00:36:00,34.6,26.0,568.0,335.0
2014-07-26 01:35:00,31.9,25.9,559.5,331.0
2014-07-26 01:36:00,32.2,26.0,561.0,332.0
2014-07-26 01:37:00,32.1,26.05,561.0,332.0
2014-07-26 01:38:00,32.0,26.1,562.0,332.0
2014-07-26 02:38:00,31.4,25.7,560.0,329.0
2014-07-26 02:39:00,31.35,25.8,560.0,329.0
2014-07-26 02:40:00,31.6,25.8,561.0,329.0
2014-07-26 02:41:00,31.4,25.8,561.0,329.0
2014-07-26 03:41:00,38.7,22.7,540.0,311.0
2014-07-26 03:42:00,38.6,22.7,540.0,312.0
2014-07-26 03:43:00,38.4,22.7,541.0,312.0
2014-07-26 03:44:00,38.3,22.75,540.0,312.0
2014-07-26 04:43:00,40.6,21.8,536.0,307.0
2014-07-26 04:44:00,40.5,21.8,537.0,307.0
2014-07-26 04:45:00,40.4,21.8,537.0,307.0
2014-07-26 04:46:00,40.3,21.8,534.0,307.0
2014-07-26 05:46:00,40.1,22.3,534.0,311.0
2014-07-26 05:47:00,39.8,22.4,534.0,311.0
2014-07-26 05:48:00,39.8,22.4,535.0,312.0
2014-07-26 05:49:00,39.8,22.4,536.0,312.0
2014-07-26 06:48:00,40.2,26.0,588.0,343.0
2014-07-26 06:49:00,40.8,26.2,593.0,345.0
2014-07-26 06:50:00,39.9,26.3,595.0,346.0
2014-07-26 06:51:00,39.1,26.5,595.0,347.0
2014-07-26 07:51:00,38.2,29.7,630.0,376.0
2014-07-26 07:52:00,38.25,29.8,632.0,377.0
2014-07-26 07:53:00,38.1,29.9,634.0,378.0
2014-07-26 07:54:00,38.2,30.1,636.0,379.0
2014-07-26 08:53:00,35.3,31.6,671.0,393.0
2014-07-26 08:54:00,35.6,31.8,674.0,394.0
2014-07-26 08:55:00,35.5,31.8,675.0,395.0
2014-07-26 08:56:00,35.5,31.9,675.0,396.0
2014-07-26 09:56:00,35.5,32.1,664.0,396.0
2014-07-26 09:57:00,35.4,32.1,664.0,396.0
2014-07-26 09:58:00,35.6,32.1,664.0,396.0
2014-07-26 09:59:00,35.9,32.1,666.0,396.0
2014-07-26 10:59:00,32.7,34.3,704.0,422.0
2014-07-26 11:00:00,32.6,34.5,706.0,424.0
2014-07-26 11:01:00,32.6,34.6,709.0,425.5
2014-07-26 11:02:00,32.8,34.8,712.0,428.0
2014-07-26 12:01:00,20.2,43.75,799.0,520.0
2014-07-26 12:02:00,20.6,43.7,800.0,521.0
2014-07-26 12:03:00,20.55,43.8,801.0,522.0
2014-07-26 12:04:00,21.0,43.8,803.0,524.0
2014-07-26 13:04:00,16.9,46.7,827.0,586.0
2014-07-26 13:05:00,17.4,46.6,825.0,585.0
2014-07-26 13:06:00,17.7,46.5,824.0,583.0
2014-07-26 13:07:00,17.4,46.4,822.0,580.0
2014-07-26 14:07:00,20.6,44.3,808.0,578.0
2014-07-26 14:08:00,20.3,44.5,808.0,579.0
2014-07-26 14:09:00,20.5,44.7,811.0,582.0
2014-07-26 14:10:00,20.9,44.8,813.5,584.0
2014-07-26 15:09:00,21.1,41.0,768.0,539.0
2014-07-26 15:10:00,21.4,41.0,768.0,539.0
2014-07-26 15:11:00,21.55,41.0,768.0,538.0
2014-07-26 15:12:00,21.1,40.9,767.0,537.0
2014-07-26 16:12:00,28.75,37.1,727.0,480.0
2014-07-26 16:13:00,28.6,36.8,724.0,476.0
2014-07-26 16:14:00,29.35,36.7,723.0,475.0
2014-07-26 16:15:00,30.9,36.5,726.0,474.0
2014-07-26 17:15:00,24.0,37.2,710.0,482.0
2014-07-26 17:16:00,23.9,37.2,708.0,481.0
2014-07-26 17:17:00,23.8,37.2,707.0,481.0
2014-07-26 17:18:00,24.0,37.2,707.0,481.0
2014-07-26 18:18:00,25.5,35.4,684.0,456.0
2014-07-26 18:19:00,25.75,35.4,685.0,456.0
2014-07-26 18:20:00,26.2,35.3,687.0,456.0
2014-07-26 18:21:00,26.2,35.3,686.0,456.0
2014-07-26 19:20:00,27.5,32.3,634.0,417.0
2014-07-26 19:21:00,27.7,32.3,636.0,417.0
2014-07-26 19:22:00,27.8,32.3,636.0,417.0
2014-07-26 19:23:00,27.9,32.3,636.0,417.0
2014-07-26 20:23:00,52.2,24.1,574.5,354.0
2014-07-26 20:24:00,51.6,24.2,574.0,354.0
2014-07-26 20:25:00,51.0,24.2,573.0,354.0
2014-07-26 20:26:00,51.0,24.2,572.0,354.0
2014-07-26 21:26:00,42.3,26.2,582.0,363.0
2014-07-26 21:27:00,42.1,26.3,582.0,363.0
2014-07-26 21:28:00,41.9,26.4,582.0,363.0
2014-07-26 21:29:00,42.0,26.4,582.0,363.5
2014-07-26 22:28:00,41.0,26.4,579.0,359.0
2014-07-26 22:29:00,40.9,26.5,580.0,360.0
2014-07-26 22:30:00,40.8,26.5,581.0,360.0
2014-07-26 22:31:00,40.7,26.6,580.0,360.0
2014-07-26 23:31:00,43.6,25.7,572.0,352.0
2014-07-26 23:32:00,43.7,25.7,575.0,352.0
2014-07-26 23:33:00,43.4,25.7,576.0,352.0
2014-07-26 23:34:00,43.2,25.7,576.0,352.0
2014-07-27 00:34:00,49.5,22.9,555.0,332.0
2014-07-27 00:35:00,49.5,23.0,555.0,332.0
2014-07-27 00:36:00,49.4,23.0,555.0,332.0
2014-07-27 00:37:00,49.3,22.95,556.0,332.0
2014-07-27 01:36:00,52.1,22.05,543.5,325.0
2014-07-27 01:37:00,52.0,22.1,546.0,325.0
2014-07-27 01:38:00,51.9,22.1,546.0,325.0
2014-07-27 01:39:00,51.9,22.1,547.0,326.0
2014-07-27 02:39:00,52.5,21.8,544.0,322.5
2014-07-27 02:40:00,52.2,21.8,544.0,323.0
2014-07-27 02:41:00,51.8,21.9,546.0,323.0
2014-07-27 02:42:00,51.4,21.9,547.0,322.0
2014-07-27 03:41:00,53.1,21.1,538.0,316.0
2014-07-27 03:42:00,52.8,21.1,539.0,316.0
2014-07-27 03:43:00,52.5,21.1,539.0,316.0
2014-07-27 03:44:00,52.4,21.1,539.0,316.0
2014-07-27 04:44:00,53.1,21.3,540.0,316.0
2014-07-27 04:45:00,52.9,21.3,540.0,316.0
2014-07-27 04:46:00,52.8,21.3,540.0,316.0
2014-07-27 04:47:00,52.8,21.3,540.0,317.0
2014-07-27 05:46:00,53.45,21.1,538.0,315.0
2014-07-27 05:47:00,53.4,21.1,539.0,315.0
2014-07-27 05:48:00,53.4,21.2,538.0,315.0
2014-07-27 05:49:00,53.5,21.2,539.0,315.0
2014-07-27 06:49:00,62.0,23.8,587.0,343.0
2014-07-27 06:50:00,61.8,23.9,588.5,344.0
2014-07-27 06:51:00,61.7,24.1,591.0,345.0
2014-07-27 06:52:00,61.45,24.2,593.0,346.0
2014-07-27 07:51:00,47.65,30.4,657.0,389.0
2014-07-27 07:52:00,47.3,30.6,661.0,391.0
2014-07-27 07:53:00,46.75,30.8,664.0,393.0
2014-07-27 07:54:00,46.6,31.0,667.0,395.0
2014-07-27 08:54:00,45.8,29.4,633.0,375.0
2014-07-27 08:55:00,45.9,29.4,633.0,375.0
2014-07-27 08:56:00,45.9,29.4,633.0,375.0
2014-07-27 08:57:00,46.0,29.3,632.0,375.0
2014-07-27 09:56:00,49.9,29.2,635.0,377.0
2014-07-27 09:57:00,49.4,29.3,636.0,379.0
2014-07-27 09:58:00,49.4,29.4,637.0,379.0
2014-07-27 09:59:00,48.7,29.5,637.0,379.0
2014-07-27 10:59:00,41.35,34.55,708.5,430.0
2014-07-27 11:00:00,41.9,34.8,714.0,433.0
2014-07-27 11:01:00,42.15,35.1,718.0,436.5
2014-07-27 11:02:00,40.8,35.3,720.0,438.0
2014-07-27 12:02:00,30.0,39.8,758.0,477.0
2014-07-27 12:03:00,29.9,39.8,758.0,477.0
2014-07-27 12:04:00,30.0,39.8,758.0,477.0
2014-07-27 12:05:00,30.0,39.8,757.0,477.0
2014-07-27 13:04:00,24.4,44.6,784.0,529.0
2014-07-27 13:05:00,24.6,44.5,780.0,527.0
2014-07-27 13:06:00,25.0,44.4,776.0,524.0
2014-07-27 13:07:00,25.15,44.25,776.0,523.0
2014-07-27 14:07:00,25.55,43.4,792.0,542.0
2014-07-27 14:08:00,26.1,43.3,792.0,541.0
2014-07-27 14:09:00,25.85,43.3,790.0,539.0
2014-07-27 14:10:00,26.1,43.2,789.0,537.0
2014-07-27 15:10:00,28.2,41.4,773.0,524.0
2014-07-27 15:11:00,28.0,41.5,775.0,525.0
2014-07-27 15:12:00,27.9,41.6,776.0,527.0
2014-07-27 15:13:00,28.2,41.7,777.0,529.0
2014-07-27 16:13:00,29.4,38.2,728.0,487.0
2014-07-27 16:14:00,29.7,38.2,728.5,487.0
2014-07-27 16:15:00,29.7,38.2,729.0,487.0
2014-07-27 16:16:00,29.4,38.2,728.0,487.0
2014-07-27 17:15:00,25.0,43.8,790.0,560.0
2014-07-27 17:16:00,25.0,43.8,790.0,561.0
2014-07-27 17:17:00,25.0,43.8,790.0,561.0
2014-07-27 17:18:00,24.8,43.9,790.0,561.0
2014-07-27 18:18:00,29.8,37.5,716.5,483.0
2014-07-27 18:19:00,30.0,37.5,718.0,483.0
2014-07-27 18:20:00,30.0,37.5,718.0,483.0
2014-07-27 18:21:00,30.0,37.5,718.0,483.0
2014-07-27 19:21:00,29.3,35.5,679.0,449.5
2014-07-27 19:22:00,29.5,35.4,678.0,449.0
2014-07-27 19:23:00,29.7,35.3,678.0,448.0
2014-07-27 19:24:00,29.9,35.2,678.0,447.0
2014-07-27 20:24:00,37.4,31.4,636.0,405.0
2014-07-27 20:25:00,37.5,31.4,636.0,405.0
2014-07-27 20:26:00,37.5,31.45,636.0,404.0
2014-07-27 20:27:00,37.6,31.4,636.0,404.0
2014-07-27 21:26:00,39.0,29.4,612.0,383.0
2014-07-27 21:27:00,39.0,29.5,612.0,383.0
2014-07-27 21:28:00,38.5,29.5,611.0,382.0
2014-07-27 21:29:00,38.5,29.4,610.0,382.0
2014-07-27 22:29:00,45.6,26.9,583.0,360.0
2014-07-27 22:30:00,45.4,26.9,583.0,360.0
2014-07-27 22:31:00,45.1,26.9,583.0,360.0
2014-07-27 22:32:00,45.05,26.9,583.0,360.0
2014-07-27 23:32:00,43.7,26.0,569.0,350.0
2014-07-27 23:33:00,43.75,26.0,569.0,350.0
2014-07-27 23:34:00,43.9,26.0,569.0,350.0
2014-07-27 23:35:00,43.9,26.0,571.0,350.0
2014-07-28 00:34:00,45.2,24.9,553.0,338.0
2014-07-28 00:35:00,45.0,24.9,554.0,339.0
2014-07-28 00:36:00,44.8,25.0,554.0,339.0
2014-07-28 00:37:00,44.8,25.0,554.0,339.0
2014-07-28 01:37:00,47.6,23.0,547.0,324.0
2014-07-28 01:38:00,47.7,23.1,547.0,325.0
2014-07-28 01:39:00,47.8,23.1,546.0,325.0
2014-07-28 01:40:00,47.9,23.1,545.0,325.0
2014-07-28 02:39:00,50.55,21.9,537.0,316.0
2014-07-28 02:40:00,50.7,21.9,537.0,317.0
2014-07-28 02:41:00,50.6,21.9,539.0,317.0
2014-07-28 02:42:00,50.5,21.9,540.0,317.0
2014-07-28 03:42:00,52.6,21.2,535.0,312.0
2014-07-28 03:43:00,53.0,21.2,533.0,312.0
2014-07-28 03:44:00,53.5,21.2,533.0,313.0
2014-07-28 03:45:00,53.9,21.3,534.0,313.0
2014-07-28 04:44:00,56.0,21.4,542.0,316.0
2014-07-28 04:45:00,55.7,21.4,543.0,316.0
2014-07-28 04:46:00,55.6,21.5,543.0,316.0
2014-07-28 04:47:00,55.5,21.5,543.0,316.0
2014-07-28 05:47:00,57.0,22.7,560.0,326.0
2014-07-28 05:48:00,56.8,22.8,561.0,326.0
2014-07-28 05:49:00,56.5,22.8,561.0,326.0
2014-07-28 05:50:00,56.5,22.9,561.0,326.0
2014-07-28 06:49:00,56.0,24.1,574.0,335.0
2014-07-28 06:50:00,55.8,24.2,574.0,336.0
2014-07-28 06:51:00,55.7,24.3,575.0,336.0
2014-07-28 06:52:00,55.6,24.4,576.0,336.0
2014-07-28 07:51:00,45.4,29.9,642.0,380.0
2014-07-28 07:52:00,45.5,30.1,646.0,382.0
2014-07-28 07:53:00,44.2,30.3,646.0,383.0
2014-07-28 07:54:00,43.8,30.5,647.0,384.0
2014-07-28 08:54:00,32.7,36.5,719.0,437.0
2014-07-28 08:55:00,32.5,36.6,720.0,438.0
2014-07-28 08:56:00,32.2,36.7,721.0,439.0
2014-07-28 08:57:00,32.3,36.8,722.0,440.0
2014-07-28 09:56:00,28.2,40.4,764.0,484.0
2014-07-28 09:57:00,28.6,40.5,766.0,486.0
2014-07-28 09:58:00,28.4,40.6,767.0,486.0
2014-07-28 09:59:00,28.65,40.7,768.5,487.0
2014-07-28 10:59:00,26.3,43.1,792.0,528.0
2014-07-28 11:00:00,26.7,43.2,793.0,529.0
2014-07-28 11:01:00,26.6,43.3,793.0,530.0
2014-07-28 11:02:00,26.7,43.3,795.0,531.0
2014-07-28 12:02:00,22.8,46.5,819.0,581.0
2014-07-28 12:03:00,23.2,46.5,819.0,582.0
2014-07-28 12:04:00,23.2,46.5,819.0,582.0
2014-07-28 12:05:00,23.4,46.6,819.0,582.0
2014-07-28 13:05:00,21.2,46.6,827.0,614.0
2014-07-28 13:06:00,21.4,46.7,827.0,614.0
2014-07-28 13:07:00,21.55,46.8,828.0,615.0
2014-07-28 13:08:00,21.5,46.9,828.0,615.0
2014-07-28 14:07:00,22.0,45.9,817.0,615.0
2014-07-28 14:08:00,22.6,45.9,819.0,615.0
2014-07-28 14:09:00,22.8,46.0,819.0,615.0
2014-07-28 14:10:00,22.4,46.1,819.0,615.0
2014-07-28 16:14:00,26.9,39.6,750.0,509.0
2014-07-28 16:15:00,27.0,39.7,752.0,510.0
2014-07-28 16:16:00,27.0,39.8,753.0,512.0
2014-07-28 16:17:00,27.15,39.9,755.0,513.0
2014-07-28 17:16:00,23.1,37.75,695.5,475.0
2014-07-28 17:17:00,23.3,37.6,692.0,472.0
2014-07-28 17:18:00,23.0,37.35,688.5,468.0
2014-07-28 17:19:00,23.0,37.2,685.0,466.0
2014-07-28 18:19:00,25.0,34.6,661.0,450.0
2014-07-28 18:20:00,25.35,34.6,663.0,451.0
2014-07-28 18:21:00,25.6,34.7,664.0,452.0
2014-07-28 18:22:00,26.05,34.8,666.5,452.0
2014-07-28 19:21:00,29.2,33.0,632.0,426.0
2014-07-28 19:22:00,29.4,33.0,633.0,426.0
2014-07-28 19:23:00,29.4,32.9,634.0,425.0
2014-07-28 19:24:00,29.5,32.9,633.0,425.0
2014-07-28 20:24:00,41.7,29.5,605.0,397.0
2014-07-28 20:25:00,41.7,29.55,605.0,397.0
2014-07-28 20:26:00,41.8,29.5,605.0,397.0
2014-07-28 20:27:00,41.9,29.5,604.0,396.0
2014-07-28 21:26:00,40.2,28.1,590.0,380.0
2014-07-28 21:27:00,40.1,28.2,591.0,380.0
2014-07-28 21:28:00,39.9,28.2,591.0,380.0
2014-07-28 21:29:00,39.8,28.2,592.0,380.0
2014-07-28 22:29:00,44.2,26.9,580.0,369.0
2014-07-28 22:30:00,44.1,26.9,579.0,369.0
2014-07-28 22:31:00,44.2,26.9,579.0,369.0
2014-07-28 22:32:00,44.1,26.9,578.0,369.0
2014-07-28 23:31:00,47.9,25.1,574.0,354.0
2014-07-28 23:32:00,47.5,25.1,573.0,353.0
2014-07-28 23:33:00,47.5,25.1,573.0,353.0
2014-07-28 23:34:00,47.6,25.1,573.0,353.0
2014-07-29 00:34:00,48.5,24.6,569.0,348.0
2014-07-29 00:35:00,48.4,24.7,569.0,348.0
2014-07-29 00:36:00,48.2,24.7,569.0,348.0
2014-07-29 00:37:00,48.1,24.7,569.0,348.0
2014-07-29 01:36:00,51.2,23.2,559.0,336.0
2014-07-29 01:37:00,51.2,23.3,559.0,337.0
2014-07-29 01:38:00,51.2,23.3,558.0,337.0
2014-07-29 01:39:00,51.4,23.3,558.0,337.0
2014-07-29 02:39:00,51.9,22.9,561.0,333.0
2014-07-29 02:40:00,51.7,22.9,561.0,333.0
2014-07-29 02:41:00,51.6,22.9,561.0,333.0
2014-07-29 02:42:00,51.6,22.9,560.0,333.0
2014-07-29 03:41:00,52.7,22.1,553.0,326.0
2014-07-29 03:42:00,52.4,22.1,553.0,326.0
2014-07-29 03:43:00,52.3,22.2,552.0,326.0
2014-07-29 03:44:00,52.4,22.2,552.0,326.0
2014-07-29 04:44:00,53.7,22.3,552.0,327.0
2014-07-29 04:45:00,53.5,22.4,553.0,327.0
2014-07-29 04:46:00,53.4,22.4,553.0,327.0
2014-07-29 04:47:00,53.3,22.5,553.0,327.0
2014-07-29 05:46:00,53.0,22.3,547.0,324.0
2014-07-29 05:47:00,52.9,22.3,547.0,325.0
2014-07-29 05:48:00,52.6,22.4,547.0,325.0
2014-07-29 05:49:00,52.5,22.4,547.0,325.0
2014-07-29 06:49:00,54.6,24.2,576.0,341.0
2014-07-29 06:50:00,54.3,24.4,579.0,343.0
2014-07-29 06:51:00,54.1,24.5,580.0,344.0
2014-07-29 06:52:00,53.8,24.7,582.0,345.0
2014-07-29 07:51:00,38.6,31.8,654.0,400.0
2014-07-29 07:52:00,38.6,32.05,657.0,401.0
2014-07-29 07:53:00,38.1,32.2,659.0,402.0
2014-07-29 07:54:00,37.7,32.4,660.5,404.0
2014-07-29 08:54:00,28.8,39.1,752.0,472.0
2014-07-29 08:55:00,28.5,39.3,753.0,474.0
2014-07-29 08:56:00,28.3,39.5,755.0,475.0
2014-07-29 08:57:00,28.3,39.6,756.0,477.0
2014-07-29 09:56:00,26.9,40.9,769.0,501.0
2014-07-29 09:57:00,27.4,41.0,771.0,503.0
2014-07-29 09:58:00,27.4,41.2,772.0,504.0
2014-07-29 09:59:00,27.6,41.3,774.0,506.0
2014-07-29 10:59:00,23.45,45.2,809.0,559.5
2014-07-29 11:00:00,23.6,45.2,810.0,560.0
2014-07-29 11:01:00,23.8,45.3,811.0,560.0
2014-07-29 11:02:00,23.7,45.4,811.0,561.0
2014-07-29 12:02:00,22.3,43.9,796.0,566.0
2014-07-29 12:03:00,23.0,44.0,796.0,567.0
2014-07-29 12:04:00,23.55,44.0,798.0,568.0
2014-07-29 12:05:00,23.9,44.1,799.0,569.0
2014-07-29 13:04:00,22.7,45.9,821.0,609.0
2014-07-29 13:05:00,22.8,46.1,822.0,611.0
2014-07-29 13:06:00,22.1,46.2,819.0,609.5
2014-07-29 13:07:00,21.9,46.3,816.0,607.0
2014-07-29 14:07:00,23.5,41.9,764.0,551.0
2014-07-29 14:08:00,23.7,41.9,765.0,551.0
2014-07-29 14:09:00,23.8,41.9,765.0,550.0
2014-07-29 14:10:00,23.9,41.9,765.0,550.0
2014-07-29 15:10:00,22.0,42.9,766.0,561.0
2014-07-29 15:11:00,21.8,42.7,761.5,555.5
2014-07-29 15:12:00,21.6,42.4,756.0,551.0
2014-07-29 15:13:00,21.8,42.1,752.0,544.5
2014-07-29 16:13:00,45.0,27.1,599.0,384.0
2014-07-29 16:14:00,45.05,26.9,599.0,383.0
2014-07-29 16:15:00,45.7,26.8,598.0,381.0
2014-07-29 16:16:00,46.45,26.6,596.0,380.0
2014-07-29 17:15:00,61.4,24.1,587.0,370.0
2014-07-29 17:16:00,61.1,24.2,588.0,371.0
2014-07-29 17:17:00,61.0,24.3,590.0,371.0
2014-07-29 17:18:00,60.7,24.4,590.0,371.0
2014-07-29 18:18:00,58.2,24.8,584.0,368.0
2014-07-29 18:19:00,58.0,24.9,584.0,368.0
2014-07-29 18:20:00,57.65,24.9,585.0,368.5
2014-07-29 18:21:00,57.5,25.0,585.0,368.0
2014-07-29 19:21:00,59.0,24.8,586.5,366.0
2014-07-29 19:22:00,58.7,24.9,587.0,366.0
2014-07-29 19:23:00,58.45,25.0,588.0,366.0
2014-07-29 19:24:00,58.3,25.0,588.0,366.0
2014-07-29 20:23:00,57.8,24.7,580.0,360.0
2014-07-29 20:24:00,57.6,24.8,581.0,360.0
2014-07-29 20:25:00,57.4,24.8,581.0,360.0
2014-07-29 20:26:00,57.4,24.9,580.0,360.0
2014-07-29 21:26:00,59.2,23.9,569.0,352.0
2014-07-29 21:27:00,58.9,24.0,569.0,352.0
2014-07-29 21:28:00,58.6,24.1,569.0,352.0
2014-07-29 21:29:00,58.5,24.1,569.0,352.0
2014-07-29 22:29:00,58.7,23.7,563.0,346.0
2014-07-29 22:30:00,58.5,23.7,563.0,346.0
2014-07-29 22:31:00,58.3,23.7,563.0,346.0
2014-07-29 22:32:00,58.3,23.8,563.0,346.0
2014-07-29 23:31:00,59.9,22.3,543.0,334.0
2014-07-29 23:32:00,59.8,22.3,544.0,334.0
2014-07-29 23:33:00,59.6,22.3,544.0,334.0
2014-07-29 23:34:00,59.6,22.4,544.0,334.0
2014-07-30 00:34:00,59.2,22.0,535.0,328.0
2014-07-30 00:35:00,58.8,22.0,534.0,327.0
2014-07-30 00:36:00,58.6,22.0,533.0,327.0
2014-07-30 00:37:00,58.5,22.0,533.0,327.0
2014-07-30 01:36:00,60.4,21.5,531.5,324.0
2014-07-30 01:37:00,60.0,21.6,534.0,324.0
2014-07-30 01:38:00,59.7,21.6,534.0,324.0
2014-07-30 01:39:00,59.6,21.7,535.0,324.0
2014-07-30 02:39:00,60.3,21.5,529.0,322.0
2014-07-30 02:40:00,59.9,21.6,529.0,322.0
2014-07-30 02:41:00,59.7,21.6,529.0,322.0
2014-07-30 02:42:00,59.6,21.6,530.0,322.0
2014-07-30 03:41:00,60.9,21.8,539.0,324.0
2014-07-30 03:42:00,60.6,21.9,540.0,324.0
2014-07-30 03:43:00,60.3,21.9,540.0,324.0
2014-07-30 03:44:00,60.05,22.0,540.0,324.0
2014-07-30 04:44:00,60.35,21.4,529.0,319.0
2014-07-30 04:45:00,60.1,21.5,531.0,319.0
2014-07-30 04:46:00,59.95,21.5,531.0,319.0
2014-07-30 04:47:00,59.8,21.6,531.0,319.0
2014-07-30 05:46:00,61.4,21.6,533.0,320.0
2014-07-30 05:47:00,61.05,21.6,534.0,321.0
2014-07-30 05:48:00,60.8,21.7,534.0,321.0
2014-07-30 05:49:00,60.6,21.7,532.0,321.0
2014-07-30 06:49:00,60.9,21.9,520.0,322.0
2014-07-30 06:50:00,60.6,22.0,522.0,322.0
2014-07-30 06:51:00,60.4,22.0,522.0,323.0
2014-07-30 06:52:00,60.3,22.1,521.0,323.0
2014-07-30 07:51:00,61.0,22.4,545.0,325.0
2014-07-30 07:52:00,60.7,22.5,546.0,326.0
2014-07-30 07:53:00,60.4,22.6,547.0,326.0
2014-07-30 07:54:00,60.3,22.6,547.0,326.0
2014-07-30 08:54:00,60.1,22.6,544.0,325.0
2014-07-30 08:55:00,59.9,22.6,545.0,325.0
2014-07-30 08:56:00,59.8,22.7,545.0,325.0
2014-07-30 08:57:00,59.5,22.8,544.0,326.0
2014-07-30 09:56:00,58.9,23.4,553.0,330.0
2014-07-30 09:57:00,58.5,23.5,553.0,331.0
2014-07-30 09:58:00,58.5,23.6,554.0,331.0
2014-07-30 09:59:00,58.6,23.6,556.0,332.0
2014-07-30 10:59:00,55.9,23.1,541.0,323.0
2014-07-30 11:00:00,55.8,23.1,541.0,323.0
2014-07-30 11:01:00,55.8,23.0,540.0,323.0
2014-07-30 11:02:00,55.95,23.0,540.0,323.0
2014-07-30 12:02:00,60.9,22.0,536.0,321.0
2014-07-30 12:03:00,60.8,22.1,538.0,322.0
2014-07-30 12:04:00,60.6,22.2,540.0,322.0
2014-07-30 12:05:00,60.5,22.3,540.0,323.0
2014-07-30 13:05:00,58.2,23.8,556.0,333.0
2014-07-30 13:06:00,57.9,23.9,556.0,333.0
2014-07-30 13:07:00,57.8,23.9,558.0,334.0
2014-07-30 13:08:00,57.8,23.9,558.0,334.0
2014-07-30 14:07:00,58.7,24.6,571.0,341.0
2014-07-30 14:08:00,58.1,24.7,571.0,341.0
2014-07-30 14:09:00,57.65,24.8,571.0,341.0
2014-07-30 14:10:00,57.05,24.8,571.0,341.0
2014-07-30 15:10:00,57.95,25.4,580.0,348.0
2014-07-30 15:11:00,57.25,25.6,581.0,348.0
2014-07-30 15:12:00,56.7,25.7,582.0,349.0
2014-07-30 15:13:00,56.4,25.8,583.0,349.5
2014-07-30 16:13:00,59.6,22.5,537.0,324.0
2014-07-30 16:14:00,59.5,22.5,538.0,324.0
2014-07-30 16:15:00,59.3,22.6,539.0,324.0
2014-07-30 16:16:00,59.4,22.7,540.0,325.0
2014-07-30 17:15:00,58.0,23.8,557.0,334.0
2014-07-30 17:16:00,57.6,23.9,557.0,333.0
2014-07-30 17:17:00,57.25,23.9,556.0,332.0
2014-07-30 17:18:00,56.7,23.9,555.0,332.0
2014-07-30 18:18:00,59.6,22.3,540.0,323.0
2014-07-30 18:19:00,59.3,22.4,540.0,323.0
2014-07-30 18:20:00,59.1,22.4,540.0,323.0
2014-07-30 18:21:00,58.9,22.5,539.5,322.0
2014-07-30 19:21:00,59.6,21.2,523.0,314.0
2014-07-30 19:22:00,59.4,21.3,523.0,314.0
2014-07-30 19:23:00,59.2,21.3,524.0,314.0
2014-07-30 19:24:00,59.0,21.3,524.0,314.0
2014-07-30 20:23:00,60.2,21.1,519.0,315.0
2014-07-30 20:24:00,59.8,21.2,520.0,315.0
2014-07-30 20:25:00,59.6,21.3,520.0,315.0
2014-07-30 20:26:00,59.5,21.3,520.0,315.0
2014-07-30 21:26:00,60.1,21.0,516.0,314.0
2014-07-30 21:27:00,59.9,21.1,518.0,314.0
2014-07-30 21:28:00,59.7,21.1,519.0,315.0
2014-07-30 21:29:00,59.5,21.2,520.0,315.0
2014-07-30 22:29:00,59.7,21.0,520.0,315.0
2014-07-30 22:30:00,59.5,21.1,521.0,315.0
2014-07-30 22:31:00,59.3,21.1,521.0,315.0
2014-07-30 22:32:00,59.2,21.2,523.0,315.0
2014-07-30 23:31:00,59.75,21.4,529.0,319.0
2014-07-30 23:32:00,59.5,21.5,529.0,319.0
2014-07-30 23:33:00,59.3,21.5,528.0,319.5
2014-07-30 23:34:00,59.3,21.5,527.0,320.0
2014-07-31 00:34:00,59.3,21.7,536.0,322.0
2014-07-31 00:35:00,59.0,21.8,537.0,322.0
2014-07-31 00:36:00,58.8,21.9,539.0,322.0
2014-07-31 00:37:00,58.6,21.9,539.0,322.0
2014-07-31 01:37:00,58.7,21.1,525.0,316.0
2014-07-31 01:38:00,58.5,21.1,526.0,316.0
2014-07-31 01:39:00,58.3,21.2,526.0,316.0
2014-07-31 01:40:00,58.1,21.2,526.0,316.0
2014-07-31 02:39:00,58.1,21.0,526.0,316.0
2014-07-31 02:40:00,57.9,21.1,526.0,316.0
2014-07-31 02:41:00,57.75,21.1,528.0,317.0
2014-07-31 02:42:00,57.5,21.1,528.0,317.0
2014-07-31 03:42:00,58.0,21.0,520.0,316.0
2014-07-31 03:43:00,57.65,21.0,520.0,317.0
2014-07-31 03:44:00,57.5,21.1,520.0,317.0
2014-07-31 03:45:00,57.3,21.1,521.0,317.0
2014-07-31 04:44:00,58.35,21.3,530.0,320.0
2014-07-31 04:45:00,58.1,21.4,531.0,321.0
2014-07-31 04:46:00,58.0,21.45,531.0,321.0
2014-07-31 04:47:00,57.9,21.5,529.0,321.0
2014-07-31 05:47:00,57.8,21.55,534.0,322.0
2014-07-31 05:48:00,57.6,21.6,534.0,322.0
2014-07-31 05:49:00,57.4,21.7,535.0,323.0
2014-07-31 05:50:00,57.3,21.7,536.0,323.0
2014-07-31 06:49:00,58.3,21.9,537.0,326.0
2014-07-31 06:50:00,58.0,21.9,537.0,326.0
2014-07-31 06:51:00,57.8,22.0,538.0,326.0
2014-07-31 06:52:00,57.6,22.0,539.0,326.0
2014-07-31 07:52:00,60.2,22.9,553.0,337.0
2014-07-31 07:53:00,59.65,23.0,553.0,337.0
2014-07-31 07:54:00,59.3,23.1,554.0,337.0
2014-07-31 07:55:00,59.0,23.2,555.0,338.0
2014-07-31 08:54:00,56.2,24.1,560.0,344.0
2014-07-31 08:55:00,56.2,24.1,562.0,344.0
2014-07-31 08:56:00,56.3,24.2,563.0,344.0
2014-07-31 08:57:00,56.4,24.3,563.0,345.0
2014-07-31 09:57:00,46.0,30.0,632.0,395.0
2014-07-31 09:58:00,45.3,30.2,632.0,396.0
2014-07-31 09:59:00,45.6,30.3,635.0,397.0
2014-07-31 10:00:00,45.1,30.4,636.0,398.0
2014-07-31 10:59:00,32.8,34.7,673.0,432.0
2014-07-31 11:00:00,32.3,34.8,675.0,433.0
2014-07-31 11:01:00,33.1,34.9,676.0,434.0
2014-07-31 11:02:00,33.65,34.9,679.0,435.0
2014-07-31 12:12:00,28.7,38.8,748.0,474.0
2014-07-31 12:13:00,28.7,39.0,750.5,476.0
2014-07-31 12:14:00,28.6,39.2,750.0,476.0
2014-07-31 12:15:00,29.2,39.3,752.0,478.5
2014-07-31 13:15:00,25.5,40.6,763.0,513.0
2014-07-31 13:16:00,25.5,40.8,764.0,514.0
2014-07-31 13:17:00,25.7,40.9,767.0,516.0
2014-07-31 13:18:00,26.2,41.1,768.0,518.0
2014-07-31 14:18:00,26.2,39.4,739.0,511.0
2014-07-31 14:19:00,26.5,39.5,742.0,513.0
2014-07-31 14:20:00,27.8,39.6,746.0,516.0
2014-07-31 14:21:00,27.85,39.8,749.5,518.0
2014-07-31 15:20:00,22.5,42.1,759.0,544.0
2014-07-31 15:21:00,23.1,42.0,759.5,544.0
2014-07-31 15:22:00,22.8,42.0,758.0,543.0
2014-07-31 15:23:00,22.9,42.0,757.0,542.0
2014-07-31 16:23:00,21.6,42.3,755.0,553.0
2014-07-31 16:24:00,22.2,42.2,755.0,552.0
2014-07-31 16:25:00,22.4,42.2,754.0,551.0
2014-07-31 16:26:00,23.1,42.1,754.0,550.0
2014-07-31 17:25:00,21.7,39.8,719.0,533.0
2014-07-31 17:26:00,22.1,39.8,720.0,532.5
2014-07-31 17:27:00,22.5,39.8,720.0,532.0
2014-07-31 17:28:00,23.05,39.7,720.0,531.0
2014-07-31 18:28:00,23.9,34.5,641.0,464.0
2014-07-31 18:29:00,24.2,34.4,641.0,462.0
2014-07-31 18:30:00,24.2,34.4,639.0,461.0
2014-07-31 18:31:00,24.3,34.3,638.0,460.0
2014-07-31 19:31:00,26.4,30.8,590.0,416.0
2014-07-31 19:32:00,26.65,30.7,591.0,416.0
2014-07-31 19:33:00,26.85,30.7,591.0,416.0
2014-07-31 19:34:00,27.4,30.7,592.0,416.0
2014-07-31 20:33:00,35.9,26.2,553.0,374.0
2014-07-31 20:34:00,35.9,26.2,553.0,374.0
2014-07-31 20:35:00,36.1,26.2,555.0,374.0
2014-07-31 20:36:00,36.2,26.2,556.0,374.0
2014-07-31 21:36:00,45.15,23.3,540.0,354.0
2014-07-31 21:37:00,45.0,23.3,540.0,353.0
2014-07-31 21:38:00,44.8,23.3,539.0,353.0
2014-07-31 21:39:00,44.8,23.3,539.0,353.0
2014-07-31 22:39:00,45.6,22.3,519.0,344.0
2014-07-31 22:40:00,45.5,22.4,519.0,344.0
2014-07-31 22:41:00,45.45,22.5,520.0,344.0
2014-07-31 22:42:00,45.4,22.5,520.0,344.0
2014-07-31 23:41:00,47.5,21.3,508.0,336.0
2014-07-31 23:42:00,47.2,21.4,510.0,336.0
2014-07-31 23:43:00,47.0,21.5,510.5,336.0
2014-07-31 23:44:00,46.9,21.5,513.0,336.0
2014-08-01 00:44:00,50.5,20.0,504.0,326.0
2014-08-01 00:45:00,50.4,20.1,506.0,326.0
2014-08-01 00:46:00,50.3,20.1,508.0,327.0
2014-08-01 00:47:00,50.1,20.1,509.0,327.0
2014-08-01 01:46:00,52.5,19.9,501.0,325.0
2014-08-01 01:47:00,52.1,20.0,503.0,326.0
2014-08-01 01:48:00,51.8,20.0,503.0,326.0
2014-08-01 01:49:00,51.7,20.1,504.0,326.0
2014-08-01 02:49:00,51.2,19.8,503.0,323.0
2014-08-01 02:50:00,51.0,19.9,504.0,323.0
2014-08-01 02:51:00,50.8,19.9,504.0,323.0
2014-08-01 02:52:00,50.6,20.0,505.0,323.0
2014-08-01 03:51:00,52.7,19.8,508.0,323.0
2014-08-01 03:52:00,52.2,19.9,508.0,323.0
2014-08-01 03:53:00,51.9,19.9,508.0,323.0
2014-08-01 03:54:00,51.6,20.0,506.0,323.0
2014-08-01 04:54:00,50.6,19.6,501.0,318.0
2014-08-01 04:55:00,50.4,19.7,502.0,318.0
2014-08-01 04:56:00,50.3,19.7,500.5,318.0
2014-08-01 04:57:00,50.2,19.7,499.0,318.0
2014-08-01 05:56:00,51.1,18.8,497.0,312.0
2014-08-01 05:57:00,50.8,18.8,497.5,312.0
2014-08-01 05:58:00,50.7,18.9,499.0,312.0
2014-08-01 05:59:00,50.6,18.9,497.5,312.0
2014-08-01 06:59:00,51.4,21.7,529.0,335.0
2014-08-01 07:00:00,51.1,21.9,529.0,336.0
2014-08-01 07:01:00,50.8,22.0,531.0,337.0
2014-08-01 07:02:00,50.6,22.1,532.0,338.0
2014-08-01 08:01:00,38.4,29.0,604.0,392.0
2014-08-01 08:02:00,37.9,29.2,604.0,392.0
2014-08-01 08:03:00,37.75,29.25,604.0,393.0
2014-08-01 08:04:00,37.4,29.4,604.0,393.0
2014-08-01 09:03:00,28.4,36.0,694.0,460.0
2014-08-01 09:04:00,28.45,36.1,696.0,460.0
2014-08-01 09:05:00,28.3,36.2,696.0,462.0
2014-08-01 09:06:00,28.3,36.3,697.0,463.0
2014-08-01 10:06:00,24.5,40.2,744.0,518.0
2014-08-01 10:07:00,24.8,40.3,745.0,520.0
2014-08-01 10:08:00,24.8,40.4,748.0,521.0
2014-08-01 10:09:00,25.15,40.6,751.0,524.0
2014-08-01 11:09:00,21.7,44.2,792.0,579.0
2014-08-01 11:10:00,21.7,44.3,792.0,579.0
2014-08-01 11:11:00,21.65,44.45,792.0,580.0
2014-08-01 11:12:00,21.9,44.5,792.0,581.0
2014-08-01 12:11:00,21.8,40.8,743.0,553.0
2014-08-01 12:12:00,21.9,40.8,742.0,552.0
2014-08-01 12:13:00,21.7,40.9,740.0,551.0
2014-08-01 12:14:00,21.3,40.9,737.0,549.0
2014-08-01 13:14:00,20.7,40.4,722.0,547.5
2014-08-01 13:15:00,20.9,40.2,718.0,544.0
2014-08-01 13:16:00,21.2,40.0,716.0,541.0
2014-08-01 13:17:00,21.7,39.8,716.0,540.0
2014-08-01 14:16:00,23.2,39.8,734.0,561.0
2014-08-01 14:17:00,23.0,39.9,734.0,560.0
2014-08-01 14:18:00,22.35,40.0,730.0,558.0
2014-08-01 14:19:00,22.3,40.1,728.0,558.0
2014-08-01 15:19:00,19.6,42.3,753.0,584.0
2014-08-01 15:20:00,19.25,42.3,747.5,580.0
2014-08-01 15:21:00,19.2,42.1,743.0,577.0
2014-08-01 15:22:00,19.85,42.0,743.0,575.0
2014-08-01 16:22:00,21.1,36.6,669.0,509.0
2014-08-01 16:23:00,21.5,36.6,670.0,508.0
2014-08-01 16:24:00,21.7,36.6,670.0,508.0
2014-08-01 16:25:00,22.0,36.6,671.0,508.0
2014-08-01 17:24:00,19.0,38.1,678.0,528.0
2014-08-01 17:25:00,19.75,38.0,678.0,526.0
2014-08-01 17:26:00,19.9,37.9,678.0,524.0
2014-08-01 17:27:00,20.5,37.8,679.0,523.0
2014-08-01 18:27:00,22.6,34.4,634.5,475.5
2014-08-01 18:28:00,22.5,34.4,633.0,474.0
2014-08-01 18:29:00,22.8,34.4,633.0,473.0
2014-08-01 18:30:00,22.9,34.4,633.0,473.0
2014-08-01 19:30:00,24.4,32.5,611.0,446.0
2014-08-01 19:31:00,24.9,32.5,611.0,446.0
2014-08-01 19:32:00,25.6,32.4,614.0,446.0
2014-08-01 19:33:00,25.9,32.4,613.0,445.0
2014-08-01 20:32:00,31.2,27.5,562.0,392.0
2014-08-01 20:33:00,31.4,27.5,563.0,392.0
2014-08-01 20:34:00,31.5,27.5,563.0,391.0
2014-08-01 20:35:00,31.6,27.4,563.0,391.0
2014-08-01 21:35:00,39.05,24.5,544.0,368.0
2014-08-01 21:36:00,38.9,24.6,543.0,368.0
2014-08-01 21:37:00,38.8,24.6,541.0,368.0
2014-08-01 21:38:00,38.8,24.6,541.0,368.0
2014-08-01 22:38:00,44.0,22.8,523.0,355.0
2014-08-01 22:39:00,43.9,22.9,524.0,355.0
2014-08-01 22:40:00,43.8,22.9,525.0,355.0
2014-08-01 22:41:00,43.7,22.9,526.0,355.0
2014-08-01 23:40:00,46.6,21.3,515.0,342.0
2014-08-01 23:41:00,46.4,21.3,514.0,342.0
2014-08-01 23:42:00,46.4,21.4,514.0,342.0
2014-08-01 23:43:00,46.4,21.4,514.0,343.0
2014-08-02 00:09:00,52.4,19.4,492.0,339.0
2014-08-02 00:10:00,52.4,19.3,492.0,339.0
2014-08-02 00:11:00,52.5,19.3,492.0,338.0
2014-08-02 00:12:00,52.6,19.3,490.0,338.0
2014-08-02 00:43:00,47.1,21.1,514.0,339.0
2014-08-02 00:44:00,46.8,21.1,514.0,339.0
2014-08-02 00:45:00,46.8,21.1,514.0,339.0
2014-08-02 00:46:00,46.8,21.1,515.0,339.0
2014-08-02 01:45:00,49.4,20.2,499.0,333.0
2014-08-02 01:46:00,49.15,20.3,501.0,333.0
2014-08-02 01:47:00,48.9,20.3,502.0,333.0
2014-08-02 01:48:00,48.8,20.4,502.0,333.0
2014-08-02 02:48:00,48.7,18.9,490.0,321.0
2014-08-02 02:49:00,48.6,18.9,491.0,321.0
2014-08-02 02:50:00,48.4,18.9,492.0,321.0
2014-08-02 02:51:00,48.3,19.0,492.0,321.0
2014-08-02 03:50:00,51.5,18.3,488.0,318.0
2014-08-02 03:51:00,50.9,18.4,489.0,318.0
2014-08-02 03:52:00,50.7,18.4,489.0,318.0
2014-08-02 03:53:00,50.5,18.5,490.0,318.0
2014-08-02 04:53:00,51.3,17.9,480.0,314.0
2014-08-02 04:54:00,51.0,18.0,481.0,314.0
2014-08-02 04:55:00,50.8,18.0,481.0,314.0
2014-08-02 04:56:00,50.6,18.0,482.0,314.0
2014-08-02 05:55:00,50.6,17.5,474.0,309.0
2014-08-02 05:56:00,50.3,17.5,475.0,310.0
2014-08-02 05:57:00,50.2,17.6,475.0,310.0
2014-08-02 05:58:00,50.3,17.6,474.5,310.0
2014-08-02 06:58:00,52.6,20.5,522.0,337.0
2014-08-02 06:59:00,51.7,20.8,524.0,339.0
2014-08-02 07:00:00,51.2,21.0,526.0,340.0
2014-08-02 07:01:00,50.9,21.2,529.0,342.0
2014-08-02 08:00:00,30.9,30.8,626.0,410.5
2014-08-02 08:01:00,31.7,31.0,630.0,413.0
2014-08-02 08:02:00,31.7,31.2,633.0,415.0
2014-08-02 08:03:00,30.3,31.4,633.0,415.5
2014-08-02 09:02:00,24.6,37.6,707.0,484.0
2014-08-02 09:03:00,24.7,37.8,708.0,486.0
2014-08-02 09:04:00,24.8,37.9,710.5,487.0
2014-08-02 09:05:00,25.5,38.0,713.0,488.0
2014-08-02 10:05:00,23.2,42.0,768.0,552.0
2014-08-02 10:06:00,23.25,42.1,769.0,553.0
2014-08-02 10:07:00,23.4,42.3,771.0,554.0
2014-08-02 10:08:00,23.2,42.4,771.0,555.0
2014-08-02 11:08:00,21.5,44.0,788.0,590.0
2014-08-02 11:09:00,21.7,44.1,788.0,590.0
2014-08-02 11:10:00,22.35,44.1,790.0,591.0
2014-08-02 11:11:00,22.2,44.2,790.0,592.0
2014-08-02 12:10:00,19.3,45.2,797.0,611.0
2014-08-02 12:11:00,19.6,45.2,796.0,610.0
2014-08-02 12:12:00,19.85,45.2,796.0,609.0
2014-08-02 12:13:00,20.7,45.2,796.0,608.0
2014-08-02 13:13:00,20.9,43.5,790.0,616.0
2014-08-02 13:14:00,21.35,43.6,791.0,615.0
2014-08-02 13:15:00,21.5,43.6,791.0,615.0
2014-08-02 13:16:00,21.85,43.7,792.0,615.5
2014-08-02 14:15:00,21.5,42.3,782.0,614.0
2014-08-02 14:16:00,21.8,42.5,783.0,613.0
2014-08-02 14:17:00,21.9,42.7,783.0,612.0
2014-08-02 14:18:00,22.1,42.7,784.0,611.0
2014-08-02 15:18:00,19.15,43.7,781.0,609.0
2014-08-02 15:19:00,20.4,43.8,785.0,611.0
2014-08-02 15:20:00,20.9,43.9,787.0,611.0
2014-08-02 15:21:00,21.6,44.1,789.0,612.0
2014-08-02 15:50:00,20.25,44.9,795.0,593.0
2014-08-02 15:51:00,20.8,44.9,796.0,593.0
2014-08-02 15:52:00,21.2,44.9,796.0,592.0
2014-08-02 15:53:00,21.3,44.9,796.0,592.0
2014-08-02 16:52:00,20.4,45.6,797.0,601.0
2014-08-02 16:53:00,21.05,45.7,798.0,601.0
2014-08-02 16:54:00,21.4,45.7,799.0,600.0
2014-08-02 16:55:00,21.35,45.8,798.5,599.0
2014-08-02 17:55:00,20.65,42.7,757.0,561.5
2014-08-02 17:56:00,21.0,42.5,755.0,559.0
2014-08-02 17:57:00,21.45,42.4,755.0,556.0
2014-08-02 17:58:00,22.0,42.2,753.0,555.0
2014-08-02 18:57:00,21.8,36.2,668.0,487.0
2014-08-02 18:58:00,22.0,36.2,668.0,486.0
2014-08-02 18:59:00,22.3,36.2,668.0,486.0
2014-08-02 19:00:00,22.5,36.1,669.0,486.0
2014-08-02 19:59:00,26.2,32.8,632.0,444.0
2014-08-02 20:00:00,26.3,32.7,632.0,443.0
2014-08-02 20:01:00,26.6,32.7,632.0,443.0
2014-08-02 20:02:00,26.7,32.7,632.0,443.0
2014-08-02 21:02:00,31.0,29.4,596.0,408.0
2014-08-02 21:03:00,31.2,29.4,596.0,408.0
2014-08-02 21:04:00,31.2,29.4,597.0,408.0
2014-08-02 21:05:00,31.3,29.4,596.5,408.0
2014-08-02 22:04:00,34.1,27.7,575.0,392.0
2014-08-02 22:05:00,34.0,27.8,575.0,392.0
2014-08-02 22:06:00,34.1,27.8,575.0,392.0
2014-08-02 22:07:00,34.2,27.8,575.0,392.0
2014-08-02 23:07:00,39.3,25.5,564.5,373.0
2014-08-02 23:08:00,39.2,25.5,565.0,373.0
2014-08-02 23:09:00,39.1,25.5,566.0,373.0
2014-08-02 23:10:00,39.0,25.5,566.0,372.0
2014-08-03 00:09:00,43.9,23.1,548.0,355.0
2014-08-03 00:10:00,43.8,23.2,549.0,354.0
2014-08-03 00:11:00,43.7,23.2,549.0,354.0
2014-08-03 00:12:00,43.6,23.2,549.0,354.0
2014-08-03 01:12:00,47.8,22.0,536.0,347.0
2014-08-03 01:13:00,47.5,22.1,537.0,347.0
2014-08-03 01:14:00,47.3,22.1,537.0,346.5
2014-08-03 01:15:00,47.0,22.1,538.0,346.0
2014-08-03 02:14:00,46.2,21.1,521.0,337.0
2014-08-03 02:15:00,45.9,21.2,522.0,336.5
2014-08-03 02:16:00,45.7,21.2,521.0,336.0
2014-08-03 02:17:00,45.7,21.2,521.0,336.0
2014-08-03 03:17:00,45.7,20.8,516.0,332.0
2014-08-03 03:18:00,45.6,20.9,516.0,332.0
2014-08-03 03:19:00,45.7,20.9,516.0,332.0
2014-08-03 03:20:00,45.7,20.9,515.0,332.0
2014-08-03 04:19:00,47.5,20.4,513.0,328.0
2014-08-03 04:20:00,47.2,20.4,513.0,328.0
2014-08-03 04:21:00,47.0,20.4,513.0,328.0
2014-08-03 04:22:00,46.7,20.4,512.0,328.0
2014-08-03 05:22:00,48.7,19.3,505.0,320.5
2014-08-03 05:23:00,48.6,19.4,505.0,321.0
2014-08-03 05:24:00,48.7,19.4,505.0,321.0
2014-08-03 05:25:00,48.9,19.4,504.0,321.0
2014-08-03 06:24:00,51.0,19.5,506.5,323.0
2014-08-03 06:25:00,50.6,19.6,508.0,324.0
2014-08-03 06:26:00,50.4,19.7,509.0,324.0
2014-08-03 06:27:00,50.3,19.7,510.0,324.0
2014-08-03 07:27:00,39.9,27.6,599.0,390.0
2014-08-03 07:28:00,39.9,27.8,603.0,392.0
2014-08-03 07:29:00,40.1,28.0,606.0,394.0
2014-08-03 07:30:00,39.7,28.3,608.5,396.0
2014-08-03 08:29:00,28.8,36.0,697.0,469.0
2014-08-03 08:30:00,29.0,36.1,699.0,470.0
2014-08-03 08:31:00,29.0,36.2,700.0,471.0
2014-08-03 08:32:00,28.9,36.3,701.0,472.0
2014-08-03 09:32:00,26.0,40.6,757.0,531.0
2014-08-03 09:33:00,26.0,40.7,758.0,531.0
2014-08-03 09:34:00,26.1,40.8,760.0,533.0
2014-08-03 09:35:00,26.45,40.9,761.0,535.0
2014-08-03 10:34:00,23.1,44.5,799.0,588.0
2014-08-03 10:35:00,23.5,44.7,801.0,590.0
2014-08-03 10:36:00,23.8,44.8,802.0,591.0
2014-08-03 10:37:00,24.0,44.9,803.0,592.0
2014-08-03 11:37:00,22.8,46.2,819.0,618.0
2014-08-03 11:38:00,22.6,46.3,819.0,618.0
2014-08-03 11:39:00,22.8,46.4,819.0,619.0
2014-08-03 11:40:00,22.8,46.6,819.0,620.0
2014-08-03 12:40:00,22.1,48.1,836.0,647.0
2014-08-03 12:41:00,22.6,48.2,836.0,647.0
2014-08-03 12:42:00,23.05,48.2,838.0,647.0
2014-08-03 12:43:00,22.7,48.3,838.0,647.0
2014-08-03 13:42:00,22.1,45.5,819.0,636.0
2014-08-03 13:43:00,22.4,45.6,819.0,635.0
2014-08-03 13:44:00,22.6,45.6,819.0,634.0
2014-08-03 13:45:00,23.2,45.7,819.0,633.0
2014-08-03 14:45:00,21.5,46.0,814.0,627.0
2014-08-03 14:46:00,21.9,46.1,814.0,627.0
2014-08-03 14:47:00,22.3,46.1,815.0,627.0
2014-08-03 14:48:00,22.7,46.1,816.0,627.0
2014-08-03 15:48:00,19.5,47.2,816.0,628.0
2014-08-03 15:49:00,20.0,47.2,816.0,627.0
2014-08-03 15:50:00,19.9,47.2,814.0,624.0
2014-08-03 15:51:00,20.0,47.2,813.0,622.0
2014-08-03 16:50:00,17.35,46.9,806.0,625.0
2014-08-03 16:51:00,18.0,46.9,805.0,622.0
2014-08-03 16:52:00,18.2,46.8,803.5,619.0
2014-08-03 16:53:00,18.6,46.7,803.0,616.0
2014-08-03 17:53:00,19.9,44.8,784.0,591.0
2014-08-03 17:54:00,20.45,44.8,783.0,588.0
2014-08-03 17:55:00,20.6,44.7,782.0,586.0
2014-08-03 17:56:00,20.9,44.7,780.0,584.0
2014-08-03 18:56:00,26.3,38.35,715.0,505.0
2014-08-03 18:57:00,26.7,38.3,716.0,505.0
2014-08-03 18:58:00,26.8,38.3,716.0,504.0
2014-08-03 18:59:00,26.8,38.2,715.0,503.0
2014-08-03 19:58:00,29.4,32.8,649.0,440.0
2014-08-03 19:59:00,29.5,32.8,649.0,440.0
2014-08-03 20:00:00,29.6,32.7,648.0,439.0
2014-08-03 20:01:00,29.6,32.65,648.0,438.0
2014-08-03 21:01:00,35.5,28.8,610.0,400.0
2014-08-03 21:02:00,35.4,28.8,609.0,399.5
2014-08-03 21:03:00,35.4,28.8,609.0,400.0
2014-08-03 21:04:00,35.6,28.7,610.0,400.0
2014-08-03 22:04:00,40.0,26.5,585.0,380.0
2014-08-03 22:05:00,39.9,26.6,587.0,380.0
2014-08-03 22:06:00,39.8,26.6,587.0,380.0
2014-08-03 22:07:00,39.8,26.6,587.0,380.0
2014-08-03 23:06:00,42.4,25.3,571.0,368.0
2014-08-03 23:07:00,42.1,25.3,571.0,368.0
2014-08-03 23:08:00,41.8,25.4,570.0,368.0
2014-08-03 23:09:00,41.8,25.4,569.0,368.0
2014-08-04 00:09:00,45.4,25.1,574.0,367.0
2014-08-04 00:10:00,45.05,25.1,572.0,367.0
2014-08-04 00:11:00,44.8,25.2,572.0,367.0
2014-08-04 00:12:00,44.6,25.2,571.0,367.0
2014-08-04 01:11:00,45.1,24.4,559.0,358.0
2014-08-04 01:12:00,44.95,24.4,560.0,358.5
2014-08-04 01:13:00,44.8,24.5,561.0,359.0
2014-08-04 01:14:00,44.7,24.5,561.0,359.0
2014-08-04 02:14:00,45.2,23.8,558.0,352.0
2014-08-04 02:15:00,45.0,23.9,558.0,352.0
2014-08-04 02:16:00,44.9,23.9,557.0,352.0
2014-08-04 02:17:00,44.7,23.9,556.0,352.0
2014-08-04 03:16:00,46.7,22.7,537.0,343.0
2014-08-04 03:17:00,46.55,22.8,537.0,343.0
2014-08-04 03:18:00,46.4,22.8,537.0,343.0
2014-08-04 03:19:00,46.3,22.8,537.0,343.0
2014-08-04 04:19:00,47.3,22.0,532.0,336.0
2014-08-04 04:20:00,47.1,22.0,532.0,336.0
2014-08-04 04:21:00,46.9,22.0,533.0,336.0
2014-08-04 04:22:00,46.9,22.1,533.0,336.0
2014-08-04 05:21:00,50.5,20.9,520.0,329.0
2014-08-04 05:22:00,50.4,21.0,520.0,329.0
2014-08-04 05:23:00,50.3,21.1,521.0,329.0
2014-08-04 05:24:00,50.3,21.1,521.0,330.0
2014-08-04 06:24:00,51.3,21.1,533.0,331.0
2014-08-04 06:25:00,51.2,21.2,534.0,331.0
2014-08-04 06:26:00,51.0,21.3,534.0,332.0
2014-08-04 06:27:00,50.9,21.4,534.0,332.0
2014-08-04 07:26:00,42.4,28.2,603.0,390.0
2014-08-04 07:27:00,42.2,28.4,604.0,391.0
2014-08-04 07:28:00,42.0,28.6,607.0,392.0
2014-08-04 07:29:00,41.6,28.7,608.0,392.0
2014-08-04 08:29:00,32.6,32.8,649.0,424.0
2014-08-04 08:30:00,32.9,32.9,651.0,425.0
2014-08-04 08:31:00,33.15,32.9,652.0,426.0
2014-08-04 08:32:00,34.2,33.0,656.0,428.0
2014-08-04 09:31:00,27.7,40.2,759.0,513.0
2014-08-04 09:32:00,27.7,40.4,761.0,514.5
2014-08-04 09:33:00,27.8,40.5,763.0,516.0
2014-08-04 09:34:00,27.9,40.7,766.0,518.5
2014-08-04 10:34:00,22.4,45.6,807.0,578.0
2014-08-04 10:35:00,22.7,45.6,806.0,577.5
2014-08-04 10:36:00,23.0,45.6,806.0,577.0
2014-08-04 10:37:00,23.2,45.5,804.0,576.0
2014-08-04 11:37:00,23.75,44.8,799.0,588.0
2014-08-04 11:38:00,24.1,44.8,801.0,588.0
2014-08-04 11:39:00,24.4,44.8,802.0,589.0
2014-08-04 11:40:00,24.3,44.9,802.0,590.0
2014-08-04 12:39:00,22.9,47.6,832.0,639.0
2014-08-04 12:40:00,23.2,47.75,834.5,641.0
2014-08-04 12:41:00,22.9,47.9,835.0,641.0
2014-08-04 12:42:00,23.0,48.1,836.0,643.0
2014-08-04 13:42:00,21.0,47.0,816.0,620.0
2014-08-04 13:43:00,21.45,47.1,816.0,619.0
2014-08-04 13:44:00,22.0,47.1,817.0,619.0
2014-08-04 13:45:00,22.05,47.1,816.5,618.0
2014-08-04 14:45:00,22.0,44.6,787.0,590.0
2014-08-04 14:46:00,22.3,44.5,785.0,587.5
2014-08-04 14:47:00,22.4,44.4,783.0,584.0
2014-08-04 14:48:00,22.8,44.3,782.0,583.0
2014-08-04 15:47:00,22.8,43.6,777.0,582.0
2014-08-04 15:48:00,23.1,43.6,777.0,580.0
2014-08-04 15:49:00,23.4,43.6,777.0,580.0
2014-08-04 15:50:00,23.7,43.6,778.0,579.0
2014-08-04 16:50:00,24.5,38.2,703.0,502.0
2014-08-04 16:51:00,24.8,38.2,703.0,501.0
2014-08-04 16:52:00,25.0,38.1,703.0,500.0
2014-08-04 16:53:00,25.3,38.0,703.0,499.0
2014-08-04 17:53:00,28.8,33.5,655.0,451.0
2014-08-04 17:54:00,29.0,33.5,656.0,452.0
2014-08-04 17:55:00,29.2,33.6,656.0,452.0
2014-08-04 17:56:00,29.3,33.5,656.0,452.0
2014-08-04 18:56:00,29.9,33.7,656.0,450.0
2014-08-04 18:57:00,30.0,33.7,656.0,449.0
2014-08-04 18:58:00,30.0,33.7,656.0,449.0
2014-08-04 18:59:00,29.9,33.7,655.0,448.0
2014-08-04 19:58:00,31.55,30.8,622.0,413.0
2014-08-04 19:59:00,31.5,30.8,622.0,412.0
2014-08-04 20:00:00,31.6,30.8,620.0,412.0
2014-08-04 20:01:00,31.7,30.7,620.0,412.0
2014-08-04 21:01:00,37.0,28.1,600.0,388.0
2014-08-04 21:02:00,37.0,28.2,601.0,388.0
2014-08-04 21:03:00,36.9,28.3,601.0,389.0
2014-08-04 21:04:00,36.8,28.3,601.0,389.0
2014-08-04 22:04:00,36.2,28.0,584.0,382.0
2014-08-04 22:05:00,36.1,28.0,584.0,382.5
2014-08-04 22:06:00,36.0,28.0,585.0,383.0
2014-08-04 22:07:00,35.95,28.0,584.0,382.0
2014-08-04 23:07:00,38.7,26.9,578.0,371.0
2014-08-04 23:08:00,38.6,26.9,578.0,371.0
2014-08-04 23:09:00,38.5,26.9,577.0,371.0
2014-08-04 23:10:00,39.0,27.0,578.0,371.0
2014-08-05 01:12:00,45.2,25.4,568.0,359.0
2014-08-05 01:13:00,45.0,25.4,568.0,359.0
2014-08-05 01:14:00,44.8,25.5,568.0,359.0
2014-08-05 01:15:00,44.5,25.5,568.0,359.0
2014-08-05 02:14:00,44.3,24.0,554.0,344.0
2014-08-05 02:15:00,44.2,24.0,555.0,344.0
2014-08-05 02:16:00,44.0,24.0,555.0,344.0
2014-08-05 02:17:00,43.9,24.0,554.0,343.0
2014-08-05 03:17:00,49.3,23.6,556.0,344.0
2014-08-05 03:18:00,48.9,23.7,555.0,344.0
2014-08-05 03:19:00,48.8,23.7,555.0,344.0
2014-08-05 03:20:00,48.8,23.8,556.0,344.0
2014-08-05 04:19:00,49.9,23.9,561.0,346.5
2014-08-05 04:20:00,49.7,23.9,563.0,347.0
2014-08-05 04:21:00,49.5,24.0,562.0,347.0
2014-08-05 04:22:00,49.3,24.0,561.0,347.0
2014-08-05 05:22:00,48.0,24.2,564.0,346.0
2014-08-05 05:23:00,47.9,24.3,565.0,347.0
2014-08-05 05:24:00,47.9,24.3,565.0,347.0
2014-08-05 05:25:00,47.8,24.3,565.0,347.0
2014-08-05 06:24:00,49.4,24.4,569.0,348.0
2014-08-05 06:25:00,49.3,24.5,569.0,348.0
2014-08-05 06:26:00,49.3,24.5,569.0,348.0
2014-08-05 06:27:00,49.4,24.5,570.0,349.0
2014-08-05 07:27:00,53.9,24.7,579.0,354.0
2014-08-05 07:28:00,53.8,24.7,580.0,354.0
2014-08-05 07:29:00,53.65,24.8,580.0,354.0
2014-08-05 07:30:00,53.6,24.8,580.0,354.0
2014-08-05 08:30:00,50.1,26.3,588.0,366.0
2014-08-05 08:31:00,49.9,26.4,589.0,366.0
2014-08-05 08:32:00,49.9,26.5,590.0,367.0
2014-08-05 08:33:00,49.7,26.6,590.0,368.0
2014-08-05 09:32:00,37.7,35.8,723.0,460.0
2014-08-05 09:33:00,37.15,36.1,724.0,462.0
2014-08-05 09:34:00,36.4,36.5,726.0,463.0
2014-08-05 09:35:00,35.5,36.8,728.0,465.0
2014-08-05 10:35:00,30.9,39.35,756.5,499.0
2014-08-05 10:36:00,31.2,39.6,761.0,503.0
2014-08-05 10:37:00,31.2,39.95,764.0,505.5
2014-08-05 10:38:00,31.0,40.2,768.0,508.0
2014-08-05 11:37:00,24.0,44.7,804.0,559.0
2014-08-05 11:38:00,24.7,44.8,806.0,560.0
2014-08-05 11:39:00,25.1,44.9,807.0,561.0
2014-08-05 11:40:00,25.3,45.0,808.0,561.0
2014-08-05 12:40:00,22.4,42.7,764.0,542.0
2014-08-05 12:41:00,22.95,42.6,764.5,541.0
2014-08-05 12:42:00,23.0,42.6,764.0,540.0
2014-08-05 12:43:00,23.1,42.5,763.0,539.0
2014-08-05 13:43:00,25.55,41.2,753.0,537.0
2014-08-05 13:44:00,26.5,41.3,759.0,541.0
2014-08-05 13:45:00,26.5,41.4,761.5,543.5
2014-08-05 13:46:00,26.5,41.6,764.0,546.0
2014-08-05 14:24:00,24.7,38.3,704.0,486.0
2014-08-05 14:25:00,24.9,38.1,702.0,483.0
2014-08-05 14:26:00,24.7,37.9,698.0,481.0
2014-08-05 14:27:00,24.9,37.7,696.0,480.0
2014-08-05 15:26:00,39.7,30.9,646.0,423.0
2014-08-05 15:27:00,40.2,31.0,647.0,424.0
2014-08-05 15:28:00,39.8,31.0,647.0,424.0
2014-08-05 15:29:00,39.7,31.1,648.0,425.0
2014-08-05 16:28:00,33.9,31.3,633.0,417.0
2014-08-05 16:29:00,34.0,31.3,633.0,417.0
2014-08-05 16:30:00,34.2,31.4,633.0,418.0
2014-08-05 16:31:00,34.7,31.4,634.0,418.0
2014-08-05 17:31:00,29.9,34.3,655.0,440.0
2014-08-05 17:32:00,30.1,34.3,655.0,440.0
2014-08-05 17:33:00,30.4,34.2,654.0,440.0
2014-08-05 17:34:00,31.0,34.2,656.0,440.0
2014-08-05 18:33:00,30.1,33.6,646.0,429.0
2014-08-05 18:34:00,30.4,33.6,647.0,429.0
2014-08-05 18:35:00,30.7,33.6,647.0,428.0
2014-08-05 18:36:00,30.7,33.6,646.0,428.0
2014-08-05 19:35:00,32.6,30.5,609.0,394.0
2014-08-05 19:36:00,32.8,30.5,610.0,394.0
2014-08-05 19:37:00,33.0,30.5,610.0,393.0
2014-08-05 19:38:00,33.0,30.4,608.0,393.0
2014-08-05 20:38:00,38.9,25.9,569.0,355.0
2014-08-05 20:39:00,39.0,25.9,570.0,355.0
2014-08-05 20:40:00,39.0,25.9,569.0,355.0
2014-08-05 20:41:00,39.0,25.9,569.0,355.0
2014-08-05 21:40:00,44.8,24.9,549.0,350.0
2014-08-05 21:41:00,44.6,25.0,550.0,350.0
2014-08-05 21:42:00,44.6,25.0,551.0,350.0
2014-08-05 21:43:00,44.5,25.0,551.0,350.0
2014-08-05 22:42:00,47.0,23.2,541.0,336.0
2014-08-05 22:43:00,47.4,23.3,541.0,336.0
2014-08-05 22:44:00,47.7,23.3,542.0,337.0
2014-08-05 22:45:00,48.0,23.3,543.0,337.0
2014-08-05 23:45:00,50.0,23.0,552.0,335.0
2014-08-05 23:46:00,49.7,23.1,552.0,335.0
2014-08-05 23:47:00,49.4,23.1,552.0,335.0
2014-08-05 23:48:00,49.2,23.1,552.0,335.0
2014-08-06 00:47:00,51.5,22.3,544.0,329.0
2014-08-06 00:48:00,51.1,22.3,544.0,329.0
2014-08-06 00:49:00,50.95,22.4,543.0,329.0
2014-08-06 00:50:00,50.8,22.4,543.0,329.0
2014-08-06 01:50:00,52.5,21.6,531.0,324.0
2014-08-06 01:51:00,52.5,21.7,533.0,324.0
2014-08-06 01:52:00,52.4,21.7,533.0,324.0
2014-08-06 01:53:00,52.3,21.7,534.0,324.0
2014-08-06 02:52:00,52.3,22.3,540.0,329.0
2014-08-06 02:53:00,52.0,22.4,541.0,329.0
2014-08-06 02:54:00,51.9,22.5,543.0,330.0
2014-08-06 02:55:00,51.75,22.5,543.5,330.0
2014-08-06 03:54:00,49.75,21.4,524.0,318.0
2014-08-06 03:55:00,49.6,21.4,524.0,318.0
2014-08-06 03:56:00,49.6,21.5,524.0,318.0
2014-08-06 03:57:00,49.6,21.5,524.0,318.0
2014-08-06 04:57:00,50.2,21.0,514.0,315.0
2014-08-06 04:58:00,50.0,21.0,513.0,316.0
2014-08-06 04:59:00,50.0,21.1,513.0,316.0
2014-08-06 05:00:00,50.0,21.1,513.0,316.0
2014-08-06 05:59:00,49.5,19.6,508.0,304.0
2014-08-06 06:00:00,49.1,19.6,508.0,304.0
2014-08-06 06:01:00,48.9,19.7,508.0,304.0
2014-08-06 06:02:00,48.9,19.7,507.0,304.0
2014-08-06 07:01:00,54.0,22.5,553.0,337.0
2014-08-06 07:02:00,53.9,22.7,556.0,339.0
2014-08-06 07:03:00,53.7,22.9,560.0,340.0
2014-08-06 07:04:00,53.5,23.1,561.0,342.0
2014-08-06 08:04:00,36.1,32.9,670.0,417.0
2014-08-06 08:05:00,36.5,33.0,671.5,418.0
2014-08-06 08:06:00,36.4,33.2,674.0,419.0
2014-08-06 08:07:00,36.1,33.3,675.0,420.0
2014-08-06 09:06:00,28.9,39.2,743.0,481.0
2014-08-06 09:07:00,29.1,39.3,745.0,482.0
2014-08-06 09:08:00,29.0,39.4,746.5,483.0
2014-08-06 09:09:00,28.9,39.5,747.0,484.0
2014-08-06 10:09:00,24.1,44.4,793.0,544.0
2014-08-06 10:10:00,24.2,44.5,793.0,545.0
2014-08-06 10:11:00,24.4,44.6,795.0,546.0
2014-08-06 10:12:00,24.7,44.7,796.0,547.0
2014-08-06 11:11:00,21.2,46.0,812.0,584.0
2014-08-06 11:12:00,21.4,46.1,814.5,586.0
2014-08-06 11:13:00,21.7,46.3,816.0,587.0
2014-08-06 11:14:00,21.6,46.4,815.0,588.0
2014-08-06 12:14:00,20.95,48.1,839.0,632.0
2014-08-06 12:15:00,21.3,48.4,842.0,635.0
2014-08-06 12:16:00,21.35,48.6,844.0,637.0
2014-08-06 12:17:00,21.3,48.8,846.0,640.0
2014-08-06 13:16:00,18.8,47.6,833.0,642.0
2014-08-06 13:17:00,19.1,47.6,832.0,640.0
2014-08-06 13:18:00,19.4,47.7,832.0,639.0
2014-08-06 13:19:00,19.7,47.7,832.0,639.0
2014-08-06 14:19:00,19.35,47.9,832.0,647.0
2014-08-06 14:20:00,19.6,47.9,832.0,645.0
2014-08-06 14:21:00,19.9,47.9,831.0,643.0
2014-08-06 14:22:00,19.95,47.9,828.5,640.0
2014-08-06 15:21:00,18.4,46.6,811.0,620.0
2014-08-06 15:22:00,19.25,46.6,812.0,619.0
2014-08-06 15:23:00,20.2,46.7,814.0,619.0
2014-08-06 15:24:00,20.35,46.8,815.0,619.0
2014-08-06 16:24:00,18.3,43.7,761.5,560.0
2014-08-06 16:25:00,18.3,43.4,759.0,556.0
2014-08-06 16:26:00,18.85,43.2,755.5,552.0
2014-08-06 16:27:00,18.9,42.9,753.0,548.0
2014-08-06 17:26:00,31.2,35.55,708.0,492.0
2014-08-06 17:27:00,31.8,35.8,712.0,496.0
2014-08-06 17:28:00,32.25,36.1,716.0,497.0
2014-08-06 17:29:00,32.8,36.3,719.0,500.0
2014-08-06 18:29:00,28.8,32.7,641.0,440.0
2014-08-06 18:30:00,29.1,32.5,641.0,439.0
2014-08-06 18:31:00,29.4,32.4,641.0,438.0
2014-08-06 18:32:00,29.4,32.3,639.0,436.0
2014-08-06 19:32:00,33.9,29.2,604.0,409.0
2014-08-06 19:33:00,34.0,29.2,604.0,409.0
2014-08-06 19:34:00,34.0,29.3,604.0,408.0
2014-08-06 19:35:00,34.0,29.2,605.0,408.0
2014-08-06 20:34:00,36.8,27.4,584.0,387.0
2014-08-06 20:35:00,36.9,27.4,585.0,387.0
2014-08-06 20:36:00,37.1,27.4,585.0,387.0
2014-08-06 20:37:00,37.4,27.3,586.0,387.0
2014-08-06 21:37:00,40.8,26.7,582.0,382.0
2014-08-06 21:38:00,40.7,26.8,583.0,383.0
2014-08-06 21:39:00,40.7,26.8,583.0,383.0
2014-08-06 21:40:00,40.8,26.8,585.0,384.0
2014-08-06 22:39:00,43.55,25.2,566.0,366.0
2014-08-06 22:40:00,43.3,25.2,568.0,366.0
2014-08-06 22:41:00,43.2,25.2,568.0,366.0
2014-08-06 22:42:00,43.1,25.2,567.0,366.0
2014-08-06 23:42:00,47.95,23.1,552.5,350.0
2014-08-06 23:43:00,47.8,23.1,553.0,350.0
2014-08-06 23:44:00,47.7,23.1,553.0,350.0
2014-08-06 23:45:00,47.7,23.1,553.0,350.0
2014-08-07 00:44:00,48.55,22.6,550.0,345.0
2014-08-07 00:45:00,48.2,22.7,550.0,345.0
2014-08-07 00:46:00,47.9,22.7,550.0,345.0
2014-08-07 00:47:00,47.7,22.7,550.0,345.0
2014-08-07 01:47:00,49.9,21.4,540.0,334.0
2014-08-07 01:48:00,49.7,21.4,540.0,334.0
2014-08-07 01:49:00,49.6,21.4,540.0,334.0
2014-08-07 01:50:00,49.6,21.4,540.0,334.0
2014-08-07 02:49:00,52.2,21.0,536.0,332.0
2014-08-07 02:50:00,52.0,21.0,536.0,332.0
2014-08-07 02:51:00,51.9,21.1,536.0,332.0
2014-08-07 02:52:00,51.8,21.1,537.0,332.0
2014-08-07 03:52:00,53.9,21.0,536.0,332.0
2014-08-07 03:53:00,53.9,21.0,536.0,332.0
2014-08-07 03:54:00,54.0,21.1,536.0,333.0
2014-08-07 03:55:00,54.1,21.1,537.0,334.0
2014-08-07 04:54:00,53.0,21.3,536.0,332.0
2014-08-07 04:55:00,52.8,21.3,536.0,332.0
2014-08-07 04:56:00,52.8,21.4,536.0,332.0
2014-08-07 04:57:00,52.7,21.4,537.0,333.0
2014-08-07 05:57:00,52.3,21.1,533.0,329.0
2014-08-07 05:58:00,52.3,21.2,533.0,329.0
2014-08-07 05:59:00,52.3,21.2,534.0,330.0
2014-08-07 06:00:00,52.3,21.3,534.0,330.0
2014-08-07 06:59:00,53.5,23.2,556.0,348.0
2014-08-07 07:00:00,53.1,23.3,556.0,348.0
2014-08-07 07:01:00,52.8,23.4,557.0,349.0
2014-08-07 07:02:00,52.6,23.5,556.0,349.0
2014-08-07 08:02:00,48.3,25.6,575.0,362.0
2014-08-07 08:03:00,48.1,25.75,576.0,363.0
2014-08-07 08:04:00,48.1,25.8,577.0,364.0
2014-08-07 08:05:00,48.0,25.9,578.0,364.0
2014-08-07 09:04:00,34.0,34.5,691.0,443.5
2014-08-07 09:05:00,34.4,34.7,697.0,447.0
2014-08-07 09:06:00,34.85,34.9,703.5,450.5
2014-08-07 09:07:00,35.7,35.2,709.0,454.0
2014-08-07 10:07:00,25.6,38.8,711.0,472.0
2014-08-07 10:08:00,26.0,38.8,710.0,470.5
2014-08-07 10:09:00,26.4,38.7,710.0,470.0
2014-08-07 10:10:00,26.95,38.6,710.5,470.0
2014-08-07 11:09:00,28.4,36.6,689.0,460.0
2014-08-07 11:10:00,28.95,36.6,691.0,462.0
2014-08-07 11:11:00,29.6,36.6,695.0,464.0
2014-08-07 11:12:00,30.9,36.7,700.0,467.5
2014-08-07 12:12:00,22.4,39.2,707.0,482.0
2014-08-07 12:13:00,22.7,38.9,704.0,479.0
2014-08-07 12:14:00,23.0,38.7,701.0,476.0
2014-08-07 12:15:00,23.3,38.4,698.0,473.0
2014-08-07 13:14:00,44.8,26.6,593.0,376.0
2014-08-07 13:15:00,45.35,26.6,591.0,376.0
2014-08-07 13:16:00,45.8,26.5,590.5,376.0
2014-08-07 13:17:00,46.2,26.4,592.0,376.0
2014-08-07 14:17:00,44.7,33.1,684.0,444.0
2014-08-07 14:18:00,46.0,33.5,694.5,450.0
2014-08-07 14:19:00,46.0,33.9,701.0,455.0
2014-08-07 14:20:00,45.45,34.3,707.0,459.5
2014-08-07 15:20:00,27.4,40.9,751.0,513.0
2014-08-07 15:21:00,27.75,41.1,752.0,514.0
2014-08-07 15:22:00,27.4,41.1,751.0,513.0
2014-08-07 15:23:00,27.05,41.2,748.0,512.0
2014-08-07 16:22:00,23.3,42.6,759.0,536.0
2014-08-07 16:23:00,23.9,42.65,760.0,536.0
2014-08-07 16:24:00,24.0,42.7,760.0,536.0
2014-08-07 16:25:00,24.25,42.7,760.0,536.0
2014-08-07 17:25:00,22.6,41.7,739.0,531.0
2014-08-07 17:26:00,23.2,41.6,739.0,531.0
2014-08-07 17:27:00,23.4,41.6,739.0,530.0
2014-08-07 17:28:00,23.7,41.6,739.0,529.0
2014-08-07 18:28:00,26.65,34.8,656.0,453.0
2014-08-07 18:29:00,26.9,34.7,655.0,452.0
2014-08-07 18:30:00,27.1,34.6,654.0,451.0
2014-08-07 18:31:00,27.3,34.5,653.0,450.0
2014-08-07 19:30:00,29.1,31.7,626.0,422.0
2014-08-07 19:31:00,29.4,31.8,628.0,423.0
2014-08-07 19:32:00,29.4,31.9,629.0,424.0
2014-08-07 19:33:00,29.5,32.0,630.0,424.0
2014-08-07 20:33:00,33.7,28.5,588.0,385.0
2014-08-07 20:34:00,33.85,28.5,588.0,385.0
2014-08-07 20:35:00,34.1,28.5,588.0,385.0
2014-08-07 20:36:00,34.3,28.4,588.0,384.0
2014-08-07 21:35:00,41.4,26.1,569.0,366.0
2014-08-07 21:36:00,41.4,26.1,569.0,366.0
2014-08-07 21:37:00,41.45,26.1,570.0,366.0
2014-08-07 21:38:00,41.5,26.1,570.0,366.0
2014-08-07 22:38:00,42.9,24.4,552.0,348.0
2014-08-07 22:39:00,43.0,24.4,551.0,348.0
2014-08-07 22:40:00,43.0,24.4,551.0,348.0
2014-08-07 22:41:00,43.0,24.4,551.0,348.0
2014-08-07 23:41:00,47.1,22.7,537.0,336.0
2014-08-07 23:42:00,47.0,22.7,538.0,336.0
2014-08-07 23:43:00,46.9,22.8,538.0,337.0
2014-08-07 23:44:00,46.9,22.7,537.0,337.0
2014-08-08 00:43:00,49.2,21.4,529.0,326.0
2014-08-08 00:44:00,48.9,21.5,531.0,326.0
2014-08-08 00:45:00,48.65,21.5,531.0,326.0
2014-08-08 00:46:00,48.5,21.5,529.0,326.0
2014-08-08 01:45:00,50.45,20.5,520.0,319.0
2014-08-08 01:46:00,50.2,20.6,521.0,319.0
2014-08-08 01:47:00,49.9,20.6,521.0,319.0
2014-08-08 01:48:00,49.7,20.6,521.0,319.0
2014-08-08 02:48:00,49.6,19.6,512.0,311.0
2014-08-08 02:49:00,49.5,19.6,513.0,311.0
2014-08-08 02:50:00,49.3,19.6,513.0,311.0
2014-08-08 02:51:00,49.2,19.6,514.0,311.0
2014-08-08 03:50:00,51.8,19.6,510.0,312.0
2014-08-08 03:51:00,51.7,19.6,510.0,312.0
2014-08-08 03:52:00,51.8,19.7,510.0,312.0
2014-08-08 03:53:00,51.8,19.7,510.0,312.0
2014-08-08 04:53:00,52.3,19.0,505.0,307.0
2014-08-08 04:54:00,52.1,19.1,505.0,307.0
2014-08-08 04:55:00,52.0,19.1,505.0,307.0
2014-08-08 04:56:00,52.0,19.1,505.0,307.0
2014-08-08 05:55:00,50.1,18.5,496.0,301.0
2014-08-08 05:56:00,49.8,18.5,496.5,301.0
2014-08-08 05:57:00,49.5,18.5,496.0,301.0
2014-08-08 05:58:00,49.4,18.5,496.0,300.0
2014-08-08 06:57:00,56.1,19.9,524.0,322.0
2014-08-08 06:58:00,56.0,20.0,528.0,323.5
2014-08-08 06:59:00,55.9,20.2,531.0,325.0
2014-08-08 07:00:00,55.75,20.45,532.5,326.0
2014-08-08 08:00:00,36.8,30.2,626.5,393.0
2014-08-08 08:01:00,36.7,30.4,629.0,395.0
2014-08-08 08:02:00,36.4,30.5,631.0,396.0
2014-08-08 08:03:00,35.95,30.7,632.0,398.0
2014-08-08 09:02:00,26.8,36.7,700.0,457.0
2014-08-08 09:03:00,27.0,36.9,703.0,459.0
2014-08-08 09:04:00,27.6,37.0,706.0,460.0
2014-08-08 09:05:00,27.8,37.2,708.0,462.0
2014-08-08 10:05:00,26.8,39.5,739.0,496.0
2014-08-08 10:06:00,27.3,39.7,743.0,498.5
2014-08-08 10:07:00,27.2,39.8,745.0,499.0
2014-08-08 10:08:00,27.4,40.0,747.0,501.0
2014-08-08 11:07:00,22.7,43.5,784.0,546.0
2014-08-08 11:08:00,23.35,43.5,785.0,547.0
2014-08-08 11:09:00,23.8,43.6,787.0,547.0
2014-08-08 11:10:00,24.1,43.6,787.0,548.0
2014-08-08 12:10:00,21.65,45.35,806.0,586.0
2014-08-08 12:11:00,22.4,45.4,808.0,588.0
2014-08-08 12:12:00,22.45,45.6,809.5,589.0
2014-08-08 12:13:00,22.4,45.7,810.0,590.0
2014-08-08 13:13:00,19.35,46.9,824.0,625.0
2014-08-08 13:14:00,20.1,46.9,825.0,626.0
2014-08-08 13:15:00,20.55,46.9,827.0,627.0
2014-08-08 13:16:00,21.0,47.0,828.0,627.0
2014-08-08 14:15:00,18.3,44.2,793.0,604.0
2014-08-08 14:16:00,18.9,44.2,796.0,604.0
2014-08-08 14:17:00,19.3,44.3,797.0,604.0
2014-08-08 14:18:00,19.4,44.4,797.0,604.0
2014-08-08 15:18:00,21.8,45.2,802.0,604.0
2014-08-08 15:19:00,22.5,45.2,803.0,604.0
2014-08-08 15:20:00,22.7,45.2,803.0,603.0
2014-08-08 15:21:00,22.3,45.2,801.0,601.0
2014-08-08 16:37:00,18.5,45.4,805.0,588.0
2014-08-08 16:38:00,18.8,45.4,804.0,587.0
2014-08-08 16:39:00,19.0,45.4,803.0,585.0
2014-08-08 16:40:00,19.1,45.3,802.0,584.0
2014-08-08 17:39:00,19.6,38.3,710.0,515.0
2014-08-08 17:40:00,19.9,38.3,710.0,515.0
2014-08-08 17:41:00,20.2,38.2,711.0,515.0
2014-08-08 17:42:00,20.4,38.2,711.0,515.0
2014-08-08 18:42:00,21.2,35.2,659.0,471.0
2014-08-08 18:43:00,21.4,35.2,659.0,470.0
2014-08-08 18:44:00,21.5,35.1,659.0,469.0
2014-08-08 18:45:00,21.7,35.0,657.0,468.0
2014-08-08 19:44:00,25.0,31.3,614.0,424.0
2014-08-08 19:45:00,25.2,31.3,614.0,424.0
2014-08-08 19:46:00,25.3,31.25,614.0,423.5
2014-08-08 19:47:00,25.4,31.2,614.0,423.0
2014-08-08 20:47:00,29.3,27.2,572.0,381.0
2014-08-08 20:48:00,29.4,27.2,572.0,380.0
2014-08-08 20:49:00,29.6,27.1,570.0,380.0
2014-08-08 20:50:00,29.7,27.0,568.5,380.0
2014-08-08 21:49:00,36.8,24.4,558.0,361.0
2014-08-08 21:50:00,36.7,24.4,559.0,361.0
2014-08-08 21:51:00,36.6,24.4,559.0,361.0
2014-08-08 21:52:00,36.5,24.4,559.0,361.0
2014-08-08 22:52:00,41.2,23.3,550.0,355.0
2014-08-08 22:53:00,40.9,23.3,551.0,355.0
2014-08-08 22:54:00,40.5,23.3,551.0,355.0
2014-08-08 22:55:00,40.3,23.3,551.0,355.0
2014-08-08 23:54:00,41.4,22.7,544.0,347.0
2014-08-08 23:55:00,41.3,22.7,543.0,347.0
2014-08-08 23:56:00,41.6,22.7,542.0,347.0
2014-08-08 23:57:00,41.7,22.7,541.0,347.0
2014-08-09 00:57:00,44.5,22.3,532.0,344.0
2014-08-09 00:58:00,44.4,22.3,532.0,344.0
2014-08-09 00:59:00,44.4,22.3,531.0,344.0
2014-08-09 01:00:00,44.4,22.3,531.0,344.0
2014-08-09 01:59:00,44.6,21.5,520.0,334.0
2014-08-09 02:00:00,44.4,21.5,521.0,335.0
2014-08-09 02:01:00,44.4,21.5,521.0,335.0
2014-08-09 02:02:00,44.3,21.5,522.0,335.0
2014-08-09 03:02:00,45.9,21.2,520.0,332.0
2014-08-09 03:03:00,45.65,21.2,520.0,332.0
2014-08-09 03:04:00,45.4,21.2,520.0,332.0
2014-08-09 03:05:00,45.2,21.3,520.0,332.0
2014-08-09 04:04:00,46.1,20.5,508.0,325.0
2014-08-09 04:05:00,46.0,20.5,510.0,325.0
2014-08-09 04:06:00,45.9,20.5,510.0,325.5
2014-08-09 04:07:00,45.9,20.5,510.0,326.0
2014-08-09 05:07:00,46.4,19.0,499.0,313.0
2014-08-09 05:08:00,46.3,19.0,499.0,313.0
2014-08-09 05:09:00,46.3,19.0,498.0,313.0
2014-08-09 05:10:00,46.2,19.0,497.0,312.0
2014-08-09 06:09:00,50.6,18.5,497.0,313.0
2014-08-09 06:10:00,50.4,18.6,497.0,313.0
2014-08-09 06:11:00,50.4,18.6,497.0,313.0
2014-08-09 06:12:00,50.3,18.6,498.0,313.0
2014-08-09 07:12:00,46.9,22.8,543.0,346.0
2014-08-09 07:13:00,46.4,22.9,544.0,346.0
2014-08-09 07:14:00,45.75,23.0,543.0,346.0
2014-08-09 07:15:00,45.3,23.1,543.0,347.0
2014-08-09 08:15:00,31.9,30.9,634.0,408.0
2014-08-09 08:16:00,31.65,31.1,633.0,408.0
2014-08-09 08:17:00,31.4,31.3,635.0,409.0
2014-08-09 08:18:00,31.2,31.4,635.5,410.5
2014-08-09 09:17:00,23.5,40.0,739.0,494.0
2014-08-09 09:18:00,23.65,40.1,742.0,496.0
2014-08-09 09:19:00,23.6,40.3,744.0,497.0
2014-08-09 09:20:00,23.6,40.5,747.0,499.0
2014-08-09 10:20:00,17.9,45.5,803.0,572.0
2014-08-09 10:21:00,17.8,45.6,803.0,571.5
2014-08-09 10:22:00,17.6,45.7,801.0,571.0
2014-08-09 10:23:00,17.4,45.7,797.5,568.0
2014-08-09 11:23:00,17.3,46.4,816.0,607.0
2014-08-09 11:24:00,17.2,46.7,817.0,609.0
2014-08-09 11:25:00,17.3,46.9,819.0,611.5
2014-08-09 11:26:00,17.3,47.2,821.0,614.0
2014-08-09 12:25:00,16.8,47.4,828.0,636.0
2014-08-09 12:26:00,16.95,47.55,828.0,636.0
2014-08-09 12:27:00,17.0,47.7,829.0,637.0
2014-08-09 12:28:00,17.0,47.85,829.0,638.0
2014-08-09 13:28:00,15.5,48.3,833.0,655.0
2014-08-09 13:29:00,16.05,48.4,835.0,655.0
2014-08-09 13:30:00,16.1,48.6,836.0,655.0
2014-08-09 13:31:00,16.1,48.7,836.0,655.5
2014-08-09 14:31:00,17.1,45.8,809.0,631.0
2014-08-09 14:32:00,16.85,45.9,807.0,628.0
2014-08-09 14:33:00,16.8,46.0,806.0,627.0
2014-08-09 14:34:00,16.7,46.1,803.0,624.0
2014-08-09 15:34:00,17.3,40.4,722.0,537.0
2014-08-09 15:35:00,17.4,40.15,718.0,535.0
2014-08-09 15:36:00,16.9,39.9,713.0,531.0
2014-08-09 15:37:00,16.6,39.7,708.5,529.0
2014-08-09 16:37:00,29.5,31.4,637.0,424.0
2014-08-09 16:38:00,29.8,30.8,632.0,419.0
2014-08-09 16:39:00,30.6,30.3,630.0,416.0
2014-08-09 16:40:00,31.55,29.8,627.0,413.5
2014-08-09 17:39:00,39.4,28.1,620.0,417.0
2014-08-09 17:40:00,39.8,28.2,621.0,418.0
2014-08-09 17:41:00,40.0,28.2,622.0,419.0
2014-08-09 17:42:00,40.1,28.2,621.0,419.0
2014-08-09 18:42:00,28.75,32.1,637.0,442.0
2014-08-09 18:43:00,29.0,32.1,638.0,443.0
2014-08-09 18:44:00,29.4,32.1,639.0,443.0
2014-08-09 18:45:00,29.3,32.1,638.0,442.0
2014-08-09 19:45:00,32.6,28.8,598.0,397.0
2014-08-09 19:46:00,32.7,28.7,597.0,396.0
2014-08-09 19:47:00,32.85,28.6,596.0,396.0
2014-08-09 19:48:00,33.0,28.5,596.0,396.0
2014-08-09 20:48:00,42.4,25.6,582.0,375.0
2014-08-09 20:49:00,42.5,25.6,582.0,375.0
2014-08-09 20:50:00,42.6,25.6,583.0,375.0
2014-08-09 20:51:00,42.6,25.5,583.0,375.0
2014-08-09 21:50:00,44.8,24.0,558.0,359.0
2014-08-09 21:51:00,44.7,24.0,558.0,359.0
2014-08-09 21:52:00,44.8,24.0,558.0,359.0
2014-08-09 21:53:00,44.8,24.0,558.0,359.0
2014-08-09 22:53:00,44.2,22.3,538.5,341.0
2014-08-09 22:54:00,44.2,22.3,539.0,341.0
2014-08-09 22:55:00,44.2,22.3,539.0,341.0
2014-08-09 22:56:00,44.2,22.2,539.0,341.0
2014-08-09 23:56:00,47.2,21.8,533.0,340.0
2014-08-09 23:57:00,47.0,21.8,535.0,340.0
2014-08-09 23:58:00,46.8,21.8,536.0,340.0
2014-08-09 23:59:00,46.8,21.9,536.0,340.0
2014-08-10 00:59:00,46.5,21.6,527.0,336.0
2014-08-10 01:00:00,46.5,21.6,527.0,336.0
2014-08-10 01:01:00,46.65,21.65,527.0,336.0
2014-08-10 01:02:00,46.7,21.6,527.0,337.0
2014-08-10 02:01:00,46.45,22.5,535.5,341.0
2014-08-10 02:02:00,46.5,22.5,536.0,342.0
2014-08-10 02:03:00,46.5,22.5,538.0,342.0
2014-08-10 02:04:00,46.6,22.6,539.0,342.0
2014-08-10 03:04:00,43.2,23.0,541.0,341.0
2014-08-10 03:05:00,43.2,23.0,542.0,341.0
2014-08-10 03:06:00,43.2,23.0,542.0,341.0
2014-08-10 03:07:00,43.2,23.0,542.0,341.0
2014-08-10 04:07:00,44.9,21.5,527.0,328.0
2014-08-10 04:08:00,44.8,21.5,527.0,328.0
2014-08-10 04:09:00,44.7,21.5,527.0,328.0
2014-08-10 04:10:00,44.7,21.5,527.0,328.0
2014-08-10 05:10:00,45.05,21.4,526.0,326.0
2014-08-10 05:11:00,44.9,21.4,526.0,326.0
2014-08-10 05:12:00,44.7,21.4,526.0,326.0
2014-08-10 05:13:00,44.6,21.4,526.0,326.0
2014-08-10 06:13:00,48.5,20.2,512.0,319.0
2014-08-10 06:14:00,48.4,20.2,513.0,319.0
2014-08-10 06:15:00,48.3,20.2,513.0,319.0
2014-08-10 06:16:00,48.3,20.2,514.0,320.0
2014-08-10 07:15:00,48.9,24.55,571.5,360.0
2014-08-10 07:16:00,48.7,24.7,575.0,362.0
2014-08-10 07:17:00,48.5,24.9,577.5,364.0
2014-08-10 07:18:00,48.1,25.1,579.0,364.0
2014-08-10 08:18:00,32.3,31.9,646.0,412.0
2014-08-10 08:19:00,32.8,32.0,648.0,414.0
2014-08-10 08:20:00,32.6,32.2,650.0,415.0
2014-08-10 08:21:00,32.5,32.3,652.0,416.0
2014-08-10 09:21:00,26.8,37.7,712.0,467.0
2014-08-10 09:22:00,27.1,37.8,716.0,469.0
2014-08-10 09:23:00,27.2,37.9,718.0,470.0
2014-08-10 09:24:00,27.4,38.0,719.0,471.5
2014-08-10 10:24:00,23.55,41.3,753.0,515.5
2014-08-10 10:25:00,23.8,41.4,755.0,516.0
2014-08-10 10:26:00,23.8,41.5,756.0,517.0
2014-08-10 10:27:00,24.0,41.6,758.0,518.0
2014-08-10 11:27:00,22.05,42.2,764.0,544.0
2014-08-10 11:28:00,22.4,42.2,766.0,545.0
2014-08-10 11:29:00,22.7,42.3,767.0,545.5
2014-08-10 11:30:00,22.6,42.3,767.0,545.0
2014-08-10 12:30:00,19.5,44.7,792.0,593.0
2014-08-10 12:31:00,19.8,44.7,792.0,591.5
2014-08-10 12:32:00,19.9,44.6,790.5,590.5
2014-08-10 12:33:00,20.0,44.6,790.0,590.0
2014-08-10 13:33:00,21.0,44.1,795.0,612.0
2014-08-10 13:34:00,21.1,44.3,796.0,611.0
2014-08-10 13:35:00,20.8,44.3,795.0,611.0
2014-08-10 13:36:00,20.5,44.3,792.0,610.0
2014-08-10 14:36:00,21.9,37.4,695.0,512.0
2014-08-10 14:37:00,22.1,37.4,694.0,511.0
2014-08-10 14:38:00,22.4,37.3,694.0,510.0
2014-08-10 14:39:00,22.5,37.2,693.0,509.0
2014-08-10 15:39:00,23.65,35.5,668.5,486.0
2014-08-10 15:40:00,23.7,35.5,670.0,486.0
2014-08-10 15:41:00,23.7,35.6,671.0,487.0
2014-08-10 15:42:00,23.7,35.6,671.0,488.0
2014-08-10 16:42:00,23.9,35.6,670.0,490.0
2014-08-10 16:43:00,24.1,35.7,671.0,492.0
2014-08-10 16:44:00,24.2,35.7,673.0,492.0
2014-08-10 16:45:00,24.3,35.8,674.0,493.0
2014-08-10 17:45:00,25.1,36.9,696.0,516.0
2014-08-10 17:46:00,25.5,37.15,700.0,519.0
2014-08-10 17:47:00,25.4,37.4,703.0,522.0
2014-08-10 17:48:00,25.3,37.55,705.5,524.5
2014-08-10 18:48:00,22.8,35.6,652.0,477.5
2014-08-10 18:49:00,23.1,35.5,651.0,476.0
2014-08-10 18:50:00,23.4,35.4,651.0,476.0
2014-08-10 18:51:00,23.6,35.3,649.0,475.0
2014-08-10 19:51:00,26.4,30.5,601.0,411.0
2014-08-10 19:52:00,26.5,30.4,600.0,411.0
2014-08-10 19:53:00,26.7,30.3,600.0,409.0
2014-08-10 19:54:00,26.9,30.2,600.0,409.0
2014-08-10 20:54:00,33.3,25.4,560.0,366.0
2014-08-10 20:55:00,33.4,25.4,560.0,366.0
2014-08-10 20:56:00,33.5,25.4,560.0,366.0
2014-08-10 20:57:00,33.55,25.3,560.0,366.0
2014-08-10 21:57:00,39.1,24.0,550.0,358.0
2014-08-10 21:58:00,39.0,24.0,551.0,358.0
2014-08-10 21:59:00,39.0,24.0,551.0,358.0
2014-08-10 22:00:00,39.0,24.0,551.0,358.0
2014-08-10 23:00:00,39.8,23.5,539.0,350.0
2014-08-10 23:01:00,39.9,23.5,539.0,350.0
2014-08-10 23:02:00,39.9,23.5,539.0,350.0
2014-08-10 23:03:00,40.0,23.4,538.0,350.0
2014-08-11 00:03:00,44.3,22.5,537.0,342.0
2014-08-11 00:04:00,44.1,22.5,538.0,342.0
2014-08-11 00:05:00,43.9,22.5,539.0,343.0
2014-08-11 00:06:00,43.8,22.5,539.0,343.0
2014-08-11 00:10:00,44.2,22.2,535.0,341.0
2014-08-11 00:11:00,44.6,21.95,533.0,340.0
2014-08-11 00:12:00,44.9,21.8,532.0,339.0
2014-08-11 00:13:00,45.2,21.65,532.0,339.0
2014-08-11 01:05:00,45.0,21.8,529.0,335.0
2014-08-11 01:06:00,45.0,21.9,529.0,336.0
2014-08-11 01:07:00,45.0,21.9,531.0,336.0
2014-08-11 01:08:00,44.9,21.9,531.0,336.0
2014-08-11 02:08:00,44.1,20.6,516.0,322.0
2014-08-11 02:09:00,44.0,20.6,517.0,322.0
2014-08-11 02:10:00,43.9,20.5,517.0,322.0
2014-08-11 02:11:00,43.8,20.5,516.0,322.0
2014-08-11 03:11:00,48.2,19.5,506.0,318.0
2014-08-11 03:12:00,47.9,19.5,507.0,318.0
2014-08-11 03:13:00,47.7,19.5,507.0,318.0
2014-08-11 03:14:00,47.5,19.5,508.0,318.0
2014-08-11 04:14:00,47.0,18.8,502.0,309.0
2014-08-11 04:15:00,47.0,18.7,502.0,309.0
2014-08-11 04:16:00,47.0,18.7,502.0,309.0
2014-08-11 04:17:00,47.0,18.7,502.0,309.0
2014-08-11 05:17:00,47.9,18.6,499.0,308.0
2014-08-11 05:18:00,47.8,18.6,499.0,307.0
2014-08-11 05:19:00,47.5,18.5,500.0,307.0
2014-08-11 05:20:00,47.4,18.6,500.0,307.0
2014-08-11 06:19:00,48.9,18.1,494.0,305.0
2014-08-11 06:20:00,48.7,18.1,496.0,305.0
2014-08-11 06:21:00,48.6,18.1,496.0,305.0
2014-08-11 06:22:00,48.6,18.1,496.0,305.0
2014-08-11 07:22:00,48.0,23.3,554.5,349.0
2014-08-11 07:23:00,47.6,23.4,556.0,350.0
2014-08-11 07:24:00,47.35,23.6,557.0,350.0
2014-08-11 07:25:00,47.1,23.7,558.0,351.0
2014-08-11 08:25:00,32.5,31.7,645.0,411.0
2014-08-11 08:26:00,32.25,31.8,647.0,412.0
2014-08-11 08:27:00,32.6,32.0,649.0,413.0
2014-08-11 08:28:00,32.7,32.1,652.0,415.0
2014-08-11 09:28:00,24.0,38.2,708.0,471.5
2014-08-11 09:29:00,24.1,38.4,711.0,473.0
2014-08-11 09:30:00,24.2,38.5,714.5,475.0
2014-08-11 09:31:00,24.2,38.7,716.0,476.0
2014-08-11 10:31:00,21.5,42.2,760.0,526.0
2014-08-11 10:32:00,21.6,42.3,761.0,526.0
2014-08-11 10:33:00,21.6,42.4,761.0,527.0
2014-08-11 10:34:00,21.6,42.4,761.0,527.0
2014-08-11 11:34:00,18.3,44.0,779.0,566.0
2014-08-11 11:35:00,18.5,44.1,779.0,566.0
2014-08-11 11:36:00,18.3,44.0,776.0,565.0
2014-08-11 11:37:00,18.2,44.05,776.0,565.0
2014-08-11 12:37:00,17.9,43.4,782.0,596.0
2014-08-11 12:38:00,18.25,43.5,784.0,598.0
2014-08-11 12:39:00,18.3,43.6,785.0,599.0
2014-08-11 12:40:00,18.2,43.7,785.0,600.0
2014-08-11 13:40:00,17.0,44.2,792.0,625.0
2014-08-11 13:41:00,17.2,44.3,792.0,625.0
2014-08-11 13:42:00,17.2,44.4,792.0,625.0
2014-08-11 13:43:00,17.1,44.6,792.0,625.0
2014-08-11 14:43:00,15.4,44.1,788.0,627.0
2014-08-11 14:44:00,15.4,44.2,787.0,627.0
2014-08-11 14:45:00,15.45,44.3,787.0,626.0
2014-08-11 14:46:00,15.8,44.3,790.0,627.0
2014-08-11 15:46:00,14.3,47.0,811.0,643.0
2014-08-11 15:47:00,14.65,47.0,811.0,642.0
2014-08-11 15:48:00,14.8,47.0,811.0,641.0
2014-08-11 15:49:00,14.6,46.95,810.0,640.5
2014-08-11 16:49:00,14.15,45.2,795.5,631.5
2014-08-11 16:50:00,14.5,45.2,796.0,631.0
2014-08-11 16:51:00,14.8,45.2,796.0,631.0
2014-08-11 16:52:00,15.1,45.2,796.0,630.0
2014-08-11 17:52:00,13.9,43.9,771.0,608.0
2014-08-11 17:53:00,14.2,43.8,769.0,606.0
2014-08-11 17:54:00,14.5,43.8,768.0,604.0
2014-08-11 17:55:00,14.9,43.7,768.0,604.0
2014-08-11 18:55:00,17.6,37.7,687.0,512.0
2014-08-11 18:56:00,17.7,37.6,686.0,511.0
2014-08-11 18:57:00,17.9,37.5,684.0,510.0
2014-08-11 18:58:00,18.1,37.3,683.0,508.0
2014-08-11 19:58:00,22.9,31.4,620.0,432.0
2014-08-11 19:59:00,23.0,31.3,619.0,431.0
2014-08-11 20:00:00,23.1,31.2,618.0,430.0
2014-08-11 20:01:00,23.1,31.1,616.0,429.0
2014-08-11 21:01:00,27.5,26.0,571.0,380.0
2014-08-11 21:02:00,27.4,25.9,570.0,380.0
2014-08-11 21:03:00,27.5,25.9,569.0,380.0
2014-08-11 21:04:00,27.6,25.8,568.0,380.0
2014-08-11 22:04:00,31.9,24.5,552.0,369.0
2014-08-11 22:05:00,31.7,24.5,552.0,369.0
2014-08-11 22:06:00,31.7,24.5,552.0,369.0
2014-08-11 22:07:00,31.8,24.5,552.0,370.0
2014-08-11 23:07:00,31.1,23.6,536.0,358.0
2014-08-11 23:08:00,31.2,23.6,536.0,358.0
2014-08-11 23:09:00,31.1,23.6,536.0,358.0
2014-08-11 23:10:00,31.1,23.6,536.0,357.0
2014-08-12 01:13:00,36.6,21.0,520.0,334.0
2014-08-12 01:14:00,36.7,21.0,520.0,334.0
2014-08-12 01:15:00,36.6,20.9,520.0,334.0
2014-08-12 01:16:00,36.5,20.9,520.0,334.0
2014-08-12 02:15:00,37.1,20.5,515.0,329.0
2014-08-12 02:16:00,36.9,20.5,516.0,328.0
2014-08-12 02:17:00,36.9,20.5,516.0,328.0
2014-08-12 02:18:00,36.8,20.4,515.0,328.0
2014-08-12 03:18:00,39.2,19.3,507.0,320.0
2014-08-12 03:19:00,39.0,19.2,507.0,319.5
2014-08-12 03:20:00,39.0,19.2,507.0,319.0
2014-08-12 03:21:00,39.1,19.2,507.0,319.0
2014-08-12 04:21:00,43.3,18.1,494.0,313.0
2014-08-12 04:22:00,43.3,18.1,496.0,313.0
2014-08-12 04:23:00,43.3,18.1,497.0,313.0
2014-08-12 04:24:00,43.3,18.1,497.0,313.0
2014-08-12 05:24:00,43.1,18.2,496.0,311.0
2014-08-12 05:25:00,43.0,18.2,497.0,311.0
2014-08-12 05:26:00,42.8,18.1,497.0,311.0
2014-08-12 05:27:00,42.8,18.1,497.0,311.0
2014-08-12 06:27:00,46.4,17.6,484.0,310.0
2014-08-12 06:28:00,46.6,17.6,485.0,310.0
2014-08-12 06:29:00,46.7,17.6,486.0,310.0
2014-08-12 06:30:00,46.9,17.6,487.0,311.0
2014-08-12 07:30:00,42.8,24.3,562.0,364.0
2014-08-12 07:31:00,42.6,24.4,563.0,365.0
2014-08-12 07:32:00,42.4,24.6,565.0,366.0
2014-08-12 07:33:00,42.1,24.7,565.0,368.0
2014-08-12 08:33:00,29.2,33.5,676.5,435.0
2014-08-12 08:34:00,29.3,33.7,679.0,436.0
2014-08-12 08:35:00,29.4,33.7,681.0,438.0
2014-08-12 08:36:00,29.4,33.9,683.0,439.0
2014-08-12 09:35:00,22.6,39.9,741.0,497.0
2014-08-12 09:36:00,23.1,40.0,743.5,499.0
2014-08-12 09:37:00,23.4,40.2,746.5,501.0
2014-08-12 09:38:00,23.6,40.4,748.0,503.0
2014-08-12 10:38:00,19.3,44.4,785.0,565.0
2014-08-12 10:39:00,19.5,44.5,787.0,565.0
2014-08-12 10:40:00,19.7,44.5,787.0,566.0
2014-08-12 10:41:00,19.9,44.6,787.0,566.0
2014-08-12 11:42:00,18.1,46.6,819.0,616.0
2014-08-12 11:43:00,18.1,46.7,819.0,616.0
2014-08-12 11:44:00,18.2,46.8,819.0,616.0
2014-08-12 11:45:00,18.3,46.8,819.0,617.0
2014-08-12 12:16:00,18.3,45.3,819.0,598.0
2014-08-12 12:17:00,18.5,45.4,819.0,597.0
2014-08-12 12:18:00,18.2,45.4,819.0,597.0
2014-08-12 12:19:00,18.1,45.4,819.0,598.0
2014-08-12 13:18:00,15.7,44.9,816.0,619.0
2014-08-12 13:19:00,16.0,44.9,816.0,618.5
2014-08-12 13:20:00,16.2,45.0,816.0,618.0
2014-08-12 13:21:00,16.3,45.1,816.0,618.0
2014-08-12 14:21:00,14.4,45.3,816.0,625.5
2014-08-12 14:22:00,14.8,45.4,816.0,624.0
2014-08-12 14:23:00,15.05,45.4,816.0,624.0
2014-08-12 14:24:00,15.5,45.5,817.0,624.0
2014-08-12 15:24:00,14.2,46.2,816.0,622.0
2014-08-12 15:25:00,14.45,46.3,816.0,622.0
2014-08-12 15:26:00,14.8,46.2,817.0,622.0
2014-08-12 15:27:00,14.7,46.3,816.5,622.0
2014-08-12 16:26:00,14.2,45.4,811.0,618.0
2014-08-12 16:27:00,14.7,45.4,811.0,618.0
2014-08-12 16:28:00,14.8,45.4,811.0,618.0
2014-08-12 16:29:00,15.0,45.4,810.0,618.0
2014-08-12 17:29:00,13.8,44.7,797.0,609.0
2014-08-12 17:30:00,14.15,44.6,797.0,608.0
2014-08-12 17:31:00,14.3,44.6,796.0,608.0
2014-08-12 17:32:00,14.5,44.5,795.0,607.0
2014-08-12 18:32:00,15.1,39.9,728.0,531.0
2014-08-12 18:33:00,15.2,39.9,727.0,531.0
2014-08-12 18:34:00,15.3,39.8,726.0,531.0
2014-08-12 18:35:00,15.5,39.7,726.0,529.0
2014-08-12 19:34:00,19.05,35.25,665.0,464.5
2014-08-12 19:35:00,19.2,35.2,665.0,463.0
2014-08-12 19:36:00,19.4,35.1,664.0,462.0
2014-08-12 19:37:00,19.5,35.0,664.0,461.0
2014-08-12 20:37:00,22.3,30.6,610.0,412.0
2014-08-12 20:38:00,22.3,30.6,609.0,412.0
2014-08-12 20:39:00,22.5,30.5,609.0,411.0
2014-08-12 20:40:00,22.6,30.4,609.0,411.0
2014-08-12 21:40:00,25.9,27.6,587.0,383.0
2014-08-12 21:41:00,26.0,27.5,585.0,382.0
2014-08-12 21:42:00,26.1,27.5,584.0,381.0
2014-08-12 21:43:00,26.2,27.4,582.0,380.0
2014-08-12 22:43:00,29.95,25.4,571.0,367.0
2014-08-12 22:44:00,29.9,25.5,571.0,367.0
2014-08-12 22:45:00,29.8,25.45,572.0,367.5
2014-08-12 22:46:00,29.8,25.5,572.0,367.0
2014-08-12 23:46:00,31.8,24.3,560.0,355.0
2014-08-12 23:47:00,31.8,24.3,560.0,355.0
2014-08-12 23:48:00,31.8,24.3,559.0,355.0
2014-08-12 23:49:00,31.9,24.3,559.0,355.0
2014-08-13 00:48:00,33.2,23.6,546.0,348.0
2014-08-13 00:49:00,33.2,23.6,547.0,348.0
2014-08-13 00:50:00,33.2,23.6,547.0,348.0
2014-08-13 00:51:00,33.3,23.5,547.0,348.0
2014-08-13 01:51:00,34.9,22.7,539.5,341.0
2014-08-13 01:52:00,35.0,22.7,540.0,341.0
2014-08-13 01:53:00,35.0,22.7,540.0,341.0
2014-08-13 01:54:00,35.1,22.7,540.0,341.0
2014-08-13 02:54:00,35.7,21.5,527.0,328.0
2014-08-13 02:55:00,35.65,21.45,528.0,328.0
2014-08-13 02:56:00,35.5,21.4,529.0,328.0
2014-08-13 02:57:00,35.5,21.4,529.0,328.0
2014-08-13 03:57:00,39.8,19.6,518.0,318.0
2014-08-13 03:58:00,39.8,19.6,518.0,318.0
2014-08-13 03:59:00,39.7,19.6,518.0,318.0
2014-08-13 04:00:00,39.7,19.6,518.0,318.0
2014-08-13 04:59:00,46.5,19.3,520.0,320.0
2014-08-13 05:00:00,46.4,19.4,521.0,320.0
2014-08-13 05:01:00,46.3,19.4,522.0,320.0
2014-08-13 05:02:00,46.2,19.4,523.0,321.0
2014-08-13 06:02:00,44.1,19.4,521.0,316.0
2014-08-13 06:03:00,44.2,19.4,520.0,316.0
2014-08-13 06:04:00,44.2,19.4,521.0,317.0
2014-08-13 06:05:00,44.2,19.4,521.0,317.0
2014-08-13 07:05:00,46.4,21.9,552.0,341.5
2014-08-13 07:06:00,46.6,22.0,555.0,343.0
2014-08-13 07:07:00,46.8,22.1,558.0,344.5
2014-08-13 07:08:00,46.9,22.3,561.0,346.0
2014-08-13 08:08:00,33.95,29.0,624.0,391.0
2014-08-13 08:09:00,34.0,29.2,628.0,394.0
2014-08-13 08:10:00,33.8,29.4,632.5,396.0
2014-08-13 08:11:00,33.4,29.6,637.0,398.0
2014-08-13 09:10:00,21.7,39.2,736.0,479.0
2014-08-13 09:11:00,21.7,39.3,738.0,481.0
2014-08-13 09:12:00,22.15,39.45,742.0,484.0
2014-08-13 09:13:00,22.6,39.6,746.0,487.0
2014-08-13 10:13:00,18.55,43.7,782.0,542.0
2014-08-13 10:14:00,18.9,43.7,784.0,543.0
2014-08-13 10:15:00,19.2,43.8,786.5,545.0
2014-08-13 10:16:00,19.3,43.8,787.0,547.0
2014-08-13 11:16:00,15.85,48.3,838.0,625.0
2014-08-13 11:17:00,16.2,48.4,839.0,626.0
2014-08-13 11:18:00,16.35,48.5,840.0,627.0
2014-08-13 11:19:00,16.5,48.6,840.0,627.0
2014-08-13 12:19:00,14.55,49.0,844.0,657.0
2014-08-13 12:20:00,14.65,49.0,844.0,657.0
2014-08-13 12:21:00,14.8,49.0,844.0,657.0
2014-08-13 12:22:00,14.9,49.1,844.0,657.0
2014-08-13 13:22:00,14.0,48.2,835.0,659.0
2014-08-13 13:23:00,13.9,48.2,831.5,655.0
2014-08-13 13:24:00,14.0,48.1,830.0,653.0
2014-08-13 13:25:00,14.4,48.0,830.0,652.0
2014-08-13 14:24:00,15.0,47.5,833.0,652.0
2014-08-13 14:25:00,15.1,47.6,833.0,652.0
2014-08-13 14:26:00,15.1,47.8,833.0,652.0
2014-08-13 14:27:00,15.0,47.9,832.0,651.0
2014-08-13 15:27:00,15.05,47.2,826.0,639.0
2014-08-13 15:28:00,15.2,47.3,827.0,639.0
2014-08-13 15:29:00,15.0,47.35,825.0,640.5
2014-08-13 15:30:00,15.0,47.4,826.0,641.0
2014-08-13 16:30:00,13.4,45.8,794.5,597.0
2014-08-13 16:31:00,13.7,45.5,792.0,593.0
2014-08-13 16:32:00,14.1,45.4,792.0,591.0
2014-08-13 16:33:00,14.45,45.15,790.0,588.0
2014-08-13 17:33:00,16.1,42.2,758.0,558.0
2014-08-13 17:34:00,16.5,42.1,759.0,556.5
2014-08-13 17:35:00,16.5,42.0,758.0,556.0
2014-08-13 17:36:00,16.85,42.0,759.0,556.0
2014-08-13 18:36:00,18.0,39.5,711.0,519.0
2014-08-13 18:37:00,18.25,39.4,710.0,518.0
2014-08-13 18:38:00,18.5,39.3,708.0,516.0
2014-08-13 18:39:00,18.6,39.2,707.0,515.0
2014-08-13 19:39:00,22.3,33.4,654.0,451.0
2014-08-13 19:40:00,22.4,33.4,653.0,450.0
2014-08-13 19:41:00,22.5,33.4,652.0,449.0
2014-08-13 19:42:00,22.5,33.3,652.0,449.0
2014-08-13 20:42:00,22.1,32.5,638.0,439.5
2014-08-13 20:43:00,22.2,32.5,638.0,440.0
2014-08-13 20:44:00,22.2,32.5,638.0,440.0
2014-08-13 20:45:00,22.2,32.5,638.0,439.0
2014-08-13 21:45:00,24.1,31.7,631.0,428.0
2014-08-13 21:46:00,24.1,31.7,630.0,427.0
2014-08-13 21:47:00,24.1,31.7,628.0,427.0
2014-08-13 21:48:00,24.2,31.7,628.0,427.0
2014-08-13 22:47:00,25.8,30.8,622.0,412.0
2014-08-13 22:48:00,25.9,30.8,622.0,412.0
2014-08-13 22:49:00,26.0,30.8,620.0,412.0
2014-08-13 22:50:00,26.0,30.8,620.0,412.0
2014-08-13 23:51:00,27.7,29.4,607.0,396.0
2014-08-13 23:52:00,27.8,29.4,608.0,395.0
2014-08-13 23:53:00,27.85,29.4,608.0,395.0
2014-08-13 23:54:00,27.9,29.3,608.0,395.0
2014-08-14 00:53:00,30.3,28.5,598.0,387.0
2014-08-14 00:54:00,30.3,28.5,598.0,387.0
2014-08-14 00:55:00,30.4,28.5,597.0,387.0
2014-08-14 00:56:00,30.4,28.5,597.0,386.0
2014-08-14 01:56:00,33.7,27.35,592.0,376.0
2014-08-14 01:57:00,33.7,27.4,592.0,377.0
2014-08-14 01:58:00,33.7,27.4,592.0,377.0
2014-08-14 01:59:00,33.7,27.4,593.0,377.0
2014-08-14 02:59:00,35.45,27.0,591.0,370.0
2014-08-14 03:00:00,35.5,27.0,590.0,369.0
2014-08-14 03:01:00,35.6,27.0,590.0,369.0
2014-08-14 03:02:00,35.2,26.9,589.0,369.0
2014-08-14 04:02:00,39.5,25.4,573.0,358.0
2014-08-14 04:03:00,39.5,25.4,573.0,359.0
2014-08-14 04:04:00,39.5,25.4,575.0,358.0
2014-08-14 04:05:00,39.4,25.4,576.0,358.0
2014-08-14 05:05:00,41.2,24.9,582.0,353.0
2014-08-14 05:06:00,41.1,24.9,582.0,353.0
2014-08-14 05:07:00,41.05,24.9,583.0,353.0
2014-08-14 05:08:00,41.0,25.0,584.0,353.0
2014-08-14 06:08:00,40.7,25.7,597.0,358.0
2014-08-14 06:09:00,40.7,25.7,598.0,358.0
2014-08-14 06:10:00,40.6,25.8,598.0,358.0
2014-08-14 06:11:00,40.5,25.8,597.0,358.0
2014-08-14 07:10:00,39.8,27.0,601.0,367.0
2014-08-14 07:11:00,39.7,27.0,601.0,368.0
2014-08-14 07:12:00,39.6,27.1,603.0,368.0
2014-08-14 07:13:00,39.4,27.1,603.0,368.0
2014-08-14 08:13:00,32.4,31.1,643.0,399.0
2014-08-14 08:14:00,32.6,31.2,644.0,400.0
2014-08-14 08:15:00,32.7,31.3,644.0,400.0
2014-08-14 08:16:00,32.7,31.3,645.0,400.0
2014-08-14 09:16:00,28.1,35.4,689.0,437.5
2014-08-14 09:17:00,28.3,35.4,691.0,439.0
2014-08-14 09:18:00,28.4,35.5,691.0,439.0
2014-08-14 09:19:00,28.5,35.5,694.0,440.0
2014-08-14 10:19:00,23.45,41.6,775.0,518.5
2014-08-14 10:20:00,23.7,41.8,778.0,520.0
2014-08-14 10:21:00,23.9,42.05,780.0,523.0
2014-08-14 10:22:00,23.9,42.3,783.0,526.0
2014-08-14 11:22:00,18.0,47.1,816.0,582.0
2014-08-14 11:23:00,18.1,46.9,814.0,579.0
2014-08-14 11:24:00,18.1,46.8,812.0,576.5
2014-08-14 11:25:00,18.2,46.7,809.0,574.0
2014-08-14 12:25:00,17.9,47.3,819.0,607.0
2014-08-14 12:26:00,18.0,47.3,817.0,604.0
2014-08-14 12:27:00,18.0,47.1,815.0,602.0
2014-08-14 12:28:00,18.0,47.0,812.0,599.0
2014-08-14 13:28:00,19.2,47.4,838.0,641.0
2014-08-14 13:29:00,19.3,47.5,838.0,641.0
2014-08-14 13:30:00,19.4,47.65,839.0,641.0
2014-08-14 13:31:00,19.4,47.8,840.0,641.0
2014-08-14 14:31:00,18.7,44.0,783.0,572.0
2014-08-14 14:32:00,18.7,43.85,782.0,571.0
2014-08-14 14:33:00,18.95,43.7,780.0,568.5
2014-08-14 14:34:00,19.2,43.5,779.0,567.0
2014-08-14 15:34:00,38.6,28.9,650.0,402.5
2014-08-14 15:35:00,39.4,28.4,646.0,399.0
2014-08-14 15:36:00,40.4,27.95,643.0,396.0
2014-08-14 15:37:00,41.3,27.5,640.0,393.0
2014-08-14 16:37:00,60.0,23.8,613.0,381.0
2014-08-14 16:38:00,59.9,23.8,614.0,382.0
2014-08-14 16:39:00,60.0,23.9,615.0,382.0
2014-08-14 16:40:00,60.0,24.0,616.0,383.0
2014-08-14 17:40:00,54.0,27.7,644.0,407.0
2014-08-14 17:41:00,53.8,27.8,644.0,407.0
2014-08-14 17:42:00,53.9,27.8,645.0,408.0
2014-08-14 17:43:00,54.1,27.8,646.0,408.0
2014-08-14 18:43:00,44.1,30.2,655.0,415.0
2014-08-14 18:44:00,44.45,30.2,655.0,415.0
2014-08-14 18:45:00,44.7,30.2,655.0,415.0
2014-08-14 18:46:00,44.9,30.2,656.0,415.0
2014-08-14 19:46:00,45.9,29.2,636.0,400.0
2014-08-14 19:47:00,46.2,29.2,636.0,400.0
2014-08-14 19:48:00,46.6,29.2,638.0,400.0
2014-08-14 19:49:00,46.95,29.2,638.0,400.0
2014-08-14 20:49:00,48.3,27.8,620.0,385.0
2014-08-14 20:50:00,48.4,27.8,621.0,385.0
2014-08-14 20:51:00,48.6,27.8,622.0,386.0
2014-08-14 20:52:00,48.6,27.8,622.0,386.0
2014-08-14 21:52:00,49.4,27.1,599.0,376.0
2014-08-14 21:53:00,49.7,27.0,599.0,376.0
2014-08-14 21:54:00,49.95,27.0,598.5,376.0
2014-08-14 21:55:00,50.1,27.0,597.0,376.0
2014-08-14 22:55:00,51.2,25.6,590.0,362.0
2014-08-14 22:56:00,51.2,25.6,590.0,362.0
2014-08-14 22:57:00,51.1,25.6,590.0,361.0
2014-08-14 22:58:00,51.2,25.5,590.0,361.0
2014-08-14 23:58:00,54.15,24.1,574.0,349.0
2014-08-14 23:59:00,54.1,24.1,574.0,349.0
2014-08-15 00:00:00,54.1,24.1,574.0,349.0
2014-08-15 00:01:00,53.9,24.0,574.0,349.0
2014-08-15 00:12:00,56.5,22.9,571.0,344.0
2014-08-15 00:13:00,56.7,22.9,570.0,344.0
2014-08-15 00:14:00,56.8,22.8,569.0,344.0
2014-08-15 00:15:00,57.0,22.8,568.0,344.0
2014-08-15 01:01:00,53.6,23.5,569.0,342.0
2014-08-15 01:02:00,53.3,23.5,570.0,342.0
2014-08-15 01:03:00,53.2,23.5,569.0,342.0
2014-08-15 01:04:00,53.1,23.5,568.0,341.0
2014-08-15 02:04:00,53.7,23.2,560.0,337.0
2014-08-15 02:05:00,53.6,23.2,561.0,337.0
2014-08-15 02:06:00,53.5,23.2,561.0,338.0
2014-08-15 02:07:00,53.5,23.2,562.5,338.0
2014-08-15 03:07:00,53.8,22.6,558.0,332.0
2014-08-15 03:08:00,53.7,22.6,558.0,331.0
2014-08-15 03:09:00,53.6,22.6,558.0,331.0
2014-08-15 03:10:00,53.5,22.6,559.0,331.0
2014-08-15 04:10:00,53.1,22.2,553.0,326.0
2014-08-15 04:11:00,53.1,22.2,553.0,326.0
2014-08-15 04:12:00,53.1,22.2,553.0,326.0
2014-08-15 04:13:00,53.0,22.2,553.0,326.0
2014-08-15 05:12:00,52.8,21.9,547.0,322.0
2014-08-15 05:13:00,52.7,21.9,548.0,322.0
2014-08-15 05:14:00,52.6,21.8,548.0,322.0
2014-08-15 05:15:00,52.5,21.8,548.0,321.0
2014-08-15 06:15:00,52.2,21.3,539.0,317.0
2014-08-15 06:16:00,52.1,21.3,540.0,317.0
2014-08-15 06:17:00,51.9,21.3,540.0,317.0
2014-08-15 06:18:00,51.8,21.35,541.0,317.0
2014-08-15 07:18:00,48.9,23.9,565.0,334.0
2014-08-15 07:19:00,48.7,23.9,565.0,334.0
2014-08-15 07:20:00,48.6,23.9,565.0,334.0
2014-08-15 07:21:00,48.7,23.9,565.0,333.0
2014-08-15 08:21:00,45.5,27.8,616.0,364.0
2014-08-15 08:22:00,45.3,27.8,616.0,364.0
2014-08-15 08:23:00,45.8,27.9,618.0,364.0
2014-08-15 08:24:00,46.3,27.9,621.0,366.0
2014-08-15 09:24:00,32.9,37.8,747.5,451.0
2014-08-15 09:25:00,33.1,37.95,750.0,452.0
2014-08-15 09:26:00,33.0,38.1,752.0,454.0
2014-08-15 09:27:00,32.7,38.3,753.0,455.0
2014-08-15 10:27:00,27.05,41.9,780.0,499.0
2014-08-15 10:28:00,27.8,42.0,784.0,501.0
2014-08-15 10:29:00,27.75,42.15,785.0,503.0
2014-08-15 10:30:00,27.8,42.3,787.0,504.0
2014-08-15 11:30:00,21.4,47.1,831.0,566.0
2014-08-15 11:31:00,21.7,47.2,832.0,568.0
2014-08-15 11:32:00,21.5,47.4,832.0,569.0
2014-08-15 11:33:00,21.7,47.5,833.5,571.0
2014-08-15 12:33:00,18.95,47.6,834.0,600.0
2014-08-15 12:34:00,19.4,47.6,833.0,599.0
2014-08-15 12:35:00,19.9,47.6,834.0,600.0
2014-08-15 12:36:00,20.2,47.6,834.0,599.0
2014-08-15 13:36:00,19.7,45.3,812.0,596.0
2014-08-15 13:37:00,19.95,45.35,812.0,596.0
2014-08-15 13:38:00,20.45,45.4,812.0,596.0
2014-08-15 13:39:00,21.5,45.5,816.0,597.0
